time (s),Amplitude - Plot 0
0,0
0.001,0.000753982
0.002,0.00301593
0.003,0.00678584
0.004,0.0120637
0.005,0.0188496
0.006,0.0271434
0.007,0.0369451
0.008,0.0482548
0.009,0.0610725
0.01,0.0753981
0.011,0.0912317
0.012,0.108573
0.013,0.127423
0.014,0.14778
0.015,0.169645
0.016,0.193018
0.017,0.217899
0.018,0.244288
0.019,0.272184
0.02,0.301588
0.021,0.332499
0.022,0.364918
0.023,0.398845
0.024,0.434279
0.025,0.47122
0.026,0.509667
0.027,0.549622
0.028,0.591084
0.029,0.634052
0.03,0.678526
0.031,0.724506
0.032,0.771993
0.033,0.820984
0.034,0.871481
0.035,0.923482
0.036,0.976988
0.037,1.032
0.038,1.08851
0.039,1.14653
0.04,1.20605
0.041,1.26707
0.042,1.32959
0.043,1.39361
0.044,1.45913
0.045,1.52615
0.046,1.59467
0.047,1.66469
0.048,1.7362
0.049,1.80921
0.05,1.88372
0.051,1.95971
0.052,2.0372
0.053,2.11618
0.054,2.19664
0.055,2.2786
0.056,2.36204
0.057,2.44697
0.058,2.53338
0.059,2.62127
0.06,2.71063
0.061,2.80148
0.062,2.8938
0.063,2.9876
0.064,3.08286
0.065,3.17959
0.066,3.27779
0.067,3.37745
0.068,3.47857
0.069,3.58115
0.07,3.68518
0.071,3.79066
0.072,3.8976
0.073,4.00597
0.074,4.11579
0.075,4.22704
0.076,4.33972
0.077,4.45384
0.078,4.56937
0.079,4.68633
0.08,4.80471
0.081,4.92449
0.082,5.04568
0.083,5.16827
0.084,5.29226
0.085,5.41763
0.086,5.5444
0.087,5.67253
0.088,5.80205
0.089,5.93292
0.09,6.06516
0.091,6.19875
0.092,6.33368
0.093,6.46996
0.094,6.60756
0.095,6.74649
0.096,6.88673
0.097,7.02829
0.098,7.17114
0.099,7.31528
0.1,7.4607
0.101,7.60739
0.102,7.75535
0.103,7.90455
0.104,8.05501
0.105,8.20669
0.106,8.3596
0.107,8.51371
0.108,8.66903
0.109,8.82553
0.11,8.98321
0.111,9.14206
0.112,9.30206
0.113,9.46319
0.114,9.62545
0.115,9.78882
0.116,9.9533
0.117,10.1189
0.118,10.2855
0.119,10.4532
0.12,10.6219
0.121,10.7916
0.122,10.9624
0.123,11.1341
0.124,11.3068
0.125,11.4805
0.126,11.6551
0.127,11.8307
0.128,12.0071
0.129,12.1844
0.13,12.3626
0.131,12.5416
0.132,12.7215
0.133,12.9022
0.134,13.0836
0.135,13.2658
0.136,13.4488
0.137,13.6325
0.138,13.8169
0.139,14.0019
0.14,14.1876
0.141,14.3739
0.142,14.5608
0.143,14.7483
0.144,14.9364
0.145,15.125
0.146,15.3141
0.147,15.5036
0.148,15.6936
0.149,15.884
0.15,16.0748
0.151,16.266
0.152,16.4574
0.153,16.6492
0.154,16.8413
0.155,17.0336
0.156,17.2261
0.157,17.4188
0.158,17.6116
0.159,17.8045
0.16,17.9975
0.161,18.1906
0.162,18.3836
0.163,18.5767
0.164,18.7696
0.165,18.9625
0.166,19.1552
0.167,19.3478
0.168,19.5401
0.169,19.7322
0.17,19.9241
0.171,20.1155
0.172,20.3066
0.173,20.4974
0.174,20.6876
0.175,20.8774
0.176,21.0666
0.177,21.2553
0.178,21.4433
0.179,21.6307
0.18,21.8174
0.181,22.0033
0.182,22.1884
0.183,22.3727
0.184,22.5561
0.185,22.7386
0.186,22.92
0.187,23.1005
0.188,23.2799
0.189,23.4581
0.19,23.6352
0.191,23.811
0.192,23.9856
0.193,24.1588
0.194,24.3306
0.195,24.5011
0.196,24.67
0.197,24.8374
0.198,25.0032
0.199,25.1674
0.2,25.3298
0.201,25.4906
0.202,25.6495
0.203,25.8065
0.204,25.9616
0.205,26.1148
0.206,26.2659
0.207,26.415
0.208,26.5618
0.209,26.7065
0.21,26.849
0.211,26.9891
0.212,27.1268
0.213,27.2621
0.214,27.3949
0.215,27.5251
0.216,27.6528
0.217,27.7777
0.218,27.9
0.219,28.0194
0.22,28.1359
0.221,28.2496
0.222,28.3603
0.223,28.4679
0.224,28.5724
0.225,28.6738
0.226,28.7719
0.227,28.8668
0.228,28.9583
0.229,29.0464
0.23,29.131
0.231,29.2121
0.232,29.2896
0.233,29.3635
0.234,29.4336
0.235,29.4999
0.236,29.5624
0.237,29.621
0.238,29.6757
0.239,29.7263
0.24,29.7728
0.241,29.8152
0.242,29.8533
0.243,29.8872
0.244,29.9168
0.245,29.942
0.246,29.9627
0.247,29.9789
0.248,29.9906
0.249,29.9976
0.25,30
0.251,29.9976
0.252,29.9904
0.253,29.9784
0.254,29.9615
0.255,29.9396
0.256,29.9127
0.257,29.8807
0.258,29.8436
0.259,29.8014
0.26,29.7539
0.261,29.7011
0.262,29.643
0.263,29.5796
0.264,29.5107
0.265,29.4364
0.266,29.3565
0.267,29.2711
0.268,29.1801
0.269,29.0834
0.27,28.981
0.271,28.8729
0.272,28.7591
0.273,28.6394
0.274,28.5139
0.275,28.3826
0.276,28.2453
0.277,28.102
0.278,27.9528
0.279,27.7976
0.28,27.6364
0.281,27.4691
0.282,27.2957
0.283,27.1162
0.284,26.9305
0.285,26.7387
0.286,26.5408
0.287,26.3366
0.288,26.1263
0.289,25.9097
0.29,25.6869
0.291,25.4579
0.292,25.2226
0.293,24.9811
0.294,24.7333
0.295,24.4793
0.296,24.219
0.297,23.9525
0.298,23.6797
0.299,23.4007
0.3,23.1154
0.301,22.8239
0.302,22.5263
0.303,22.2224
0.304,21.9124
0.305,21.5962
0.306,21.2739
0.307,20.9455
0.308,20.611
0.309,20.2705
0.31,19.9241
0.311,19.5716
0.312,19.2132
0.313,18.8489
0.314,18.4788
0.315,18.1029
0.316,17.7213
0.317,17.334
0.318,16.941
0.319,16.5425
0.32,16.1384
0.321,15.7289
0.322,15.3141
0.323,14.8939
0.324,14.4685
0.325,14.0379
0.326,13.6022
0.327,13.1616
0.328,12.716
0.329,12.2657
0.33,11.8106
0.331,11.3508
0.332,10.8865
0.333,10.4178
0.334,9.94476
0.335,9.46748
0.336,8.98609
0.337,8.5007
0.338,8.01142
0.339,7.51838
0.34,7.02169
0.341,6.52148
0.342,6.01789
0.343,5.51105
0.344,5.00108
0.345,4.48813
0.346,3.97234
0.347,3.45386
0.348,2.93282
0.349,2.40939
0.35,1.88372
0.351,1.35595
0.352,0.82626
0.353,0.294802
0.354,-0.238256
0.355,-0.772746
0.356,-1.3085
0.357,-1.84534
0.358,-2.38309
0.359,-2.92157
0.36,-3.4606
0.361,-3.99999
0.362,-4.53956
0.363,-5.07912
0.364,-5.61848
0.365,-6.15743
0.366,-6.69579
0.367,-7.23335
0.368,-7.76991
0.369,-8.30527
0.37,-8.83922
0.371,-9.37156
0.372,-9.90207
0.373,-10.4305
0.374,-10.9568
0.375,-11.4805
0.376,-12.0016
0.377,-12.5197
0.378,-13.0348
0.379,-13.5464
0.38,-14.0546
0.381,-14.5589
0.382,-15.0592
0.383,-15.5552
0.384,-16.0468
0.385,-16.5337
0.386,-17.0156
0.387,-17.4924
0.388,-17.9637
0.389,-18.4295
0.39,-18.8894
0.391,-19.3432
0.392,-19.7907
0.393,-20.2316
0.394,-20.6658
0.395,-21.0929
0.396,-21.5128
0.397,-21.9252
0.398,-22.33
0.399,-22.7268
0.4,-23.1154
0.401,-23.4957
0.402,-23.8673
0.403,-24.2301
0.404,-24.5839
0.405,-24.9284
0.406,-25.2634
0.407,-25.5887
0.408,-25.904
0.409,-26.2093
0.41,-26.5041
0.411,-26.7885
0.412,-27.0621
0.413,-27.3247
0.414,-27.5762
0.415,-27.8163
0.416,-28.0449
0.417,-28.2618
0.418,-28.4667
0.419,-28.6596
0.42,-28.8402
0.421,-29.0083
0.422,-29.1639
0.423,-29.3066
0.424,-29.4365
0.425,-29.5533
0.426,-29.6568
0.427,-29.747
0.428,-29.8237
0.429,-29.8867
0.43,-29.936
0.431,-29.9714
0.432,-29.9927
0.433,-30
0.434,-29.9931
0.435,-29.9718
0.436,-29.9362
0.437,-29.8861
0.438,-29.8214
0.439,-29.7421
0.44,-29.6481
0.441,-29.5394
0.442,-29.416
0.443,-29.2777
0.444,-29.1245
0.445,-28.9565
0.446,-28.7736
0.447,-28.5759
0.448,-28.3632
0.449,-28.1357
0.45,-27.8933
0.451,-27.6361
0.452,-27.3641
0.453,-27.0773
0.454,-26.7759
0.455,-26.4599
0.456,-26.1293
0.457,-25.7842
0.458,-25.4247
0.459,-25.051
0.46,-24.6631
0.461,-24.2612
0.462,-23.8454
0.463,-23.4157
0.464,-22.9725
0.465,-22.5158
0.466,-22.0458
0.467,-21.5627
0.468,-21.0666
0.469,-20.5578
0.47,-20.0365
0.471,-19.5029
0.472,-18.9572
0.473,-18.3997
0.474,-17.8306
0.475,-17.2502
0.476,-16.6586
0.477,-16.0563
0.478,-15.4435
0.479,-14.8205
0.48,-14.1876
0.481,-13.5451
0.482,-12.8933
0.483,-12.2326
0.484,-11.5633
0.485,-10.8858
0.486,-10.2004
0.487,-9.50754
0.488,-8.80752
0.489,-8.10075
0.49,-7.38764
0.491,-6.66859
0.492,-5.94401
0.493,-5.21431
0.494,-4.47993
0.495,-3.7413
0.496,-2.99885
0.497,-2.25304
0.498,-1.50432
0.499,-0.753149
0.5,-7.35E-15
0.501,0.754657
0.502,1.51034
0.503,2.26657
0.504,3.02285
0.505,3.7787
0.506,4.5336
0.507,5.28706
0.508,6.03857
0.509,6.78763
0.51,7.5337
0.511,8.27629
0.512,9.01486
0.513,9.7489
0.514,10.4779
0.515,11.2013
0.516,11.9186
0.517,12.6293
0.518,13.3328
0.519,14.0286
0.52,14.7162
0.521,15.395
0.522,16.0646
0.523,16.7244
0.524,17.3739
0.525,18.0126
0.526,18.6399
0.527,19.2554
0.528,19.8586
0.529,20.4489
0.53,21.0258
0.531,21.5889
0.532,22.1376
0.533,22.6715
0.534,23.1902
0.535,23.6931
0.536,24.1798
0.537,24.6498
0.538,25.1027
0.539,25.5381
0.54,25.9556
0.541,26.3547
0.542,26.735
0.543,27.0961
0.544,27.4378
0.545,27.7595
0.546,28.0609
0.547,28.3418
0.548,28.6017
0.549,28.8404
0.55,29.0575
0.551,29.2528
0.552,29.426
0.553,29.5768
0.554,29.705
0.555,29.8105
0.556,29.8928
0.557,29.952
0.558,29.9878
0.559,30
0.56,29.9885
0.561,29.9533
0.562,29.8941
0.563,29.811
0.564,29.7038
0.565,29.5725
0.566,29.4171
0.567,29.2377
0.568,29.0341
0.569,28.8065
0.57,28.5549
0.571,28.2794
0.572,27.9801
0.573,27.6572
0.574,27.3107
0.575,26.9408
0.576,26.5478
0.577,26.1318
0.578,25.6932
0.579,25.232
0.58,24.7487
0.581,24.2434
0.582,23.7167
0.583,23.1687
0.584,22.5998
0.585,22.0105
0.586,21.4011
0.587,20.7721
0.588,20.1239
0.589,19.4571
0.59,18.772
0.591,18.0692
0.592,17.3493
0.593,16.6128
0.594,15.8603
0.595,15.0924
0.596,14.3097
0.597,13.5128
0.598,12.7024
0.599,11.8791
0.6,11.0437
0.601,10.1969
0.602,9.33932
0.603,8.47177
0.604,7.59499
0.605,6.70975
0.606,5.81684
0.607,4.91705
0.608,4.0112
0.609,3.10011
0.61,2.18461
0.611,1.26556
0.612,0.343808
0.613,-0.579776
0.614,-1.50432
0.615,-2.42893
0.616,-3.35273
0.617,-4.2748
0.618,-5.19426
0.619,-6.1102
0.62,-7.02169
0.621,-7.92783
0.622,-8.8277
0.623,-9.72038
0.624,-10.605
0.625,-11.4805
0.626,-12.3461
0.627,-13.2009
0.628,-14.0439
0.629,-14.8742
0.63,-15.691
0.631,-16.4934
0.632,-17.2804
0.633,-18.0512
0.634,-18.8049
0.635,-19.5407
0.636,-20.2578
0.637,-20.9552
0.638,-21.6323
0.639,-22.2881
0.64,-22.922
0.641,-23.5331
0.642,-24.1207
0.643,-24.6841
0.644,-25.2226
0.645,-25.7355
0.646,-26.2221
0.647,-26.6818
0.648,-27.1139
0.649,-27.5179
0.65,-27.8933
0.651,-28.2394
0.652,-28.5558
0.653,-28.842
0.654,-29.0976
0.655,-29.322
0.656,-29.515
0.657,-29.6762
0.658,-29.8053
0.659,-29.9019
0.66,-29.9658
0.661,-29.9968
0.662,-29.9948
0.663,-29.9594
0.664,-29.8908
0.665,-29.7887
0.666,-29.6532
0.667,-29.4842
0.668,-29.2818
0.669,-29.046
0.67,-28.7771
0.671,-28.475
0.672,-28.1401
0.673,-27.7726
0.674,-27.3727
0.675,-26.9408
0.676,-26.4772
0.677,-25.9824
0.678,-25.4567
0.679,-24.9006
0.68,-24.3148
0.681,-23.6996
0.682,-23.0557
0.683,-22.3838
0.684,-21.6844
0.685,-20.9585
0.686,-20.2065
0.687,-19.4295
0.688,-18.6281
0.689,-17.8033
0.69,-16.9559
0.691,-16.0869
0.692,-15.1972
0.693,-14.2878
0.694,-13.3598
0.695,-12.4141
0.696,-11.4519
0.697,-10.4744
0.698,-9.48251
0.699,-8.47756
0.7,-7.4607
0.701,-6.43314
0.702,-5.39613
0.703,-4.35091
0.704,-3.29877
0.705,-2.24101
0.706,-1.17892
0.707,-0.113851
0.708,0.952873
0.709,2.0199
0.71,3.08586
0.711,4.14939
0.712,5.20912
0.713,6.26365
0.714,7.31162
0.715,8.35163
0.716,9.3823
0.717,10.4023
0.718,11.4101
0.719,12.4045
0.72,13.3841
0.721,14.3474
0.722,15.2933
0.723,16.2203
0.724,17.1272
0.725,18.0126
0.726,18.8753
0.727,19.7141
0.728,20.5276
0.729,21.3148
0.73,22.0744
0.731,22.8053
0.732,23.5064
0.733,24.1767
0.734,24.815
0.735,25.4203
0.736,25.9918
0.737,26.5285
0.738,27.0294
0.739,27.4939
0.74,27.921
0.741,28.31
0.742,28.6602
0.743,28.9711
0.744,29.2419
0.745,29.4721
0.746,29.6614
0.747,29.8091
0.748,29.915
0.749,29.9787
0.75,30
0.751,29.9787
0.752,29.9145
0.753,29.8076
0.754,29.6577
0.755,29.4651
0.756,29.2297
0.757,28.9518
0.758,28.6316
0.759,28.2693
0.76,27.8655
0.761,27.4204
0.762,26.9345
0.763,26.4085
0.764,25.843
0.765,25.2385
0.766,24.596
0.767,23.9161
0.768,23.1998
0.769,22.4479
0.77,21.6615
0.771,20.8416
0.772,19.9894
0.773,19.1059
0.774,18.1924
0.775,17.2502
0.776,16.2805
0.777,15.2849
0.778,14.2646
0.779,13.2212
0.78,12.1562
0.781,11.0711
0.782,9.96752
0.783,8.84715
0.784,7.71164
0.785,6.56269
0.786,5.40206
0.787,4.23152
0.788,3.05286
0.789,1.86791
0.79,0.678526
0.791,-0.513437
0.792,-1.70609
0.793,-2.89755
0.794,-4.08591
0.795,-5.26925
0.796,-6.44566
0.797,-7.61322
0.798,-8.77003
0.799,-9.91417
0.8,-11.0437
0.801,-12.1569
0.802,-13.2516
0.803,-14.3262
0.804,-15.3788
0.805,-16.4076
0.806,-17.4108
0.807,-18.3866
0.808,-19.3334
0.809,-20.2494
0.81,-21.1331
0.811,-21.9828
0.812,-22.797
0.813,-23.5742
0.814,-24.313
0.815,-25.0119
0.816,-25.6698
0.817,-26.2852
0.818,-26.857
0.819,-27.3841
0.82,-27.8655
0.821,-28.3
0.822,-28.6868
0.823,-29.0252
0.824,-29.3142
0.825,-29.5533
0.826,-29.7418
0.827,-29.8793
0.828,-29.9652
0.829,-29.9994
0.83,-29.9814
0.831,-29.9113
0.832,-29.7888
0.833,-29.6141
0.834,-29.3872
0.835,-29.1084
0.836,-28.7779
0.837,-28.3962
0.838,-27.9638
0.839,-27.4812
0.84,-26.9491
0.841,-26.3683
0.842,-25.7398
0.843,-25.0643
0.844,-24.343
0.845,-23.577
0.846,-22.7676
0.847,-21.916
0.848,-21.0236
0.849,-20.092
0.85,-19.1227
0.851,-18.1173
0.852,-17.0776
0.853,-16.0054
0.854,-14.9024
0.855,-13.7707
0.856,-12.6122
0.857,-11.4289
0.858,-10.2231
0.859,-8.99688
0.86,-7.75243
0.861,-6.49204
0.862,-5.21803
0.863,-3.93273
0.864,-2.63854
0.865,-1.33787
0.866,-0.0331752
0.867,1.27309
0.868,2.57845
0.869,3.8804
0.87,5.17644
0.871,6.46407
0.872,7.74078
0.873,9.00407
0.874,10.2515
0.875,11.4805
0.876,12.6887
0.877,13.8737
0.878,15.0331
0.879,16.1645
0.88,17.2656
0.881,18.3341
0.882,19.368
0.883,20.3649
0.884,21.3227
0.885,22.2396
0.886,23.1135
0.887,23.9425
0.888,24.7248
0.889,25.4587
0.89,26.1426
0.891,26.7749
0.892,27.3542
0.893,27.8791
0.894,28.3484
0.895,28.761
0.896,29.1158
0.897,29.412
0.898,29.6486
0.899,29.8251
0.9,29.9408
0.901,29.9954
0.902,29.9885
0.903,29.9199
0.904,29.7895
0.905,29.5975
0.906,29.344
0.907,29.0294
0.908,28.654
0.909,28.2185
0.91,27.7236
0.911,27.1701
0.912,26.559
0.913,25.8915
0.914,25.1686
0.915,24.3918
0.916,23.5625
0.917,22.6824
0.918,21.7531
0.919,20.7764
0.92,19.7544
0.921,18.6889
0.922,17.5823
0.923,16.4366
0.924,15.2544
0.925,14.0379
0.926,12.7897
0.927,11.5125
0.928,10.2089
0.929,8.88172
0.93,7.5337
0.931,6.16776
0.932,4.78684
0.933,3.39393
0.934,1.99206
0.935,0.584299
0.936,-0.82626
0.937,-2.2365
0.938,-3.64327
0.939,-5.04345
0.94,-6.43388
0.941,-7.81141
0.942,-9.17293
0.943,-10.5153
0.944,-11.8355
0.945,-13.1304
0.946,-14.3971
0.947,-15.6325
0.948,-16.8338
0.949,-17.9981
0.95,-19.1227
0.951,-20.2049
0.952,-21.242
0.953,-22.2315
0.954,-23.171
0.955,-24.0583
0.956,-24.891
0.957,-25.667
0.958,-26.3845
0.959,-27.0415
0.96,-27.6364
0.961,-28.1675
0.962,-28.6334
0.963,-29.0328
0.964,-29.3645
0.965,-29.6277
0.966,-29.8214
0.967,-29.9449
0.968,-29.9979
0.969,-29.9798
0.97,-29.8905
0.971,-29.7301
0.972,-29.4987
0.973,-29.1966
0.974,-28.8243
0.975,-28.3826
0.976,-27.8721
0.977,-27.2941
0.978,-26.6496
0.979,-25.9401
0.98,-25.167
0.981,-24.332
0.982,-23.4369
0.983,-22.4839
0.984,-21.4749
0.985,-20.4124
0.986,-19.2988
0.987,-18.1366
0.988,-16.9285
0.989,-15.6775
0.99,-14.3865
0.991,-13.0585
0.992,-11.6968
0.993,-10.3046
0.994,-8.88533
0.995,-7.44244
0.996,-5.97948
0.997,-4.50006
0.998,-3.00785
0.999,-1.50658
1,-2.94E-14
1.001,1.50808
1.002,3.01385
1.003,4.51348
1.004,6.00312
1.005,7.47895
1.006,8.93716
1.007,10.374
1.008,11.7856
1.009,13.1684
1.01,14.5186
1.011,15.8328
1.012,17.1074
1.013,18.3389
1.014,19.5241
1.015,20.6598
1.016,21.7427
1.017,22.77
1.018,23.7388
1.019,24.6464
1.02,25.4902
1.021,26.2677
1.022,26.9769
1.023,27.6155
1.024,28.1817
1.025,28.6738
1.026,29.0902
1.027,29.4296
1.028,29.691
1.029,29.8732
1.03,29.9757
1.031,29.998
1.032,29.9397
1.033,29.8007
1.034,29.5812
1.035,29.2816
1.036,28.9024
1.037,28.4445
1.038,27.9088
1.039,27.2966
1.04,26.6094
1.041,25.8487
1.042,25.0165
1.043,24.1149
1.044,23.1461
1.045,22.1127
1.046,21.0172
1.047,19.8625
1.048,18.6518
1.049,17.3881
1.05,16.0748
1.051,14.7155
1.052,13.3138
1.053,11.8736
1.054,10.3987
1.055,8.89325
1.056,7.36133
1.057,5.80722
1.058,4.23525
1.059,2.64981
1.06,1.05536
1.061,-0.543591
1.062,-2.1425
1.063,-3.73681
1.064,-5.32194
1.065,-6.89334
1.066,-8.44645
1.067,-9.97676
1.068,-11.4798
1.069,-12.9512
1.07,-14.3865
1.071,-15.7815
1.072,-17.1321
1.073,-18.4342
1.074,-19.6839
1.075,-20.8774
1.076,-22.011
1.077,-23.0812
1.078,-24.0848
1.079,-25.0186
1.08,-25.8796
1.081,-26.6652
1.082,-27.3727
1.083,-27.9999
1.084,-28.5447
1.085,-29.0052
1.086,-29.3799
1.087,-29.6673
1.088,-29.8664
1.089,-29.9764
1.09,-29.9966
1.091,-29.9268
1.092,-29.7668
1.093,-29.5171
1.094,-29.1779
1.095,-28.7503
1.096,-28.2351
1.097,-27.6337
1.098,-26.9478
1.099,-26.1791
1.1,-25.3298
1.101,-24.4023
1.102,-23.3992
1.103,-22.3234
1.104,-21.178
1.105,-19.9663
1.106,-18.6919
1.107,-17.3586
1.108,-15.9703
1.109,-14.5312
1.11,-13.0456
1.111,-11.5181
1.112,-9.9533
1.113,-8.35598
1.114,-6.73106
1.115,-5.08358
1.116,-3.41865
1.117,-1.74147
1.118,-0.0573026
1.119,1.62855
1.12,3.31076
1.121,4.98398
1.122,6.64286
1.123,8.28209
1.124,9.89637
1.125,11.4805
1.126,13.0293
1.127,14.5378
1.128,16.0009
1.129,17.4139
1.13,18.772
1.131,20.0707
1.132,21.3058
1.133,22.4729
1.134,23.5681
1.135,24.5878
1.136,25.5283
1.137,26.3863
1.138,27.1589
1.139,27.8433
1.14,28.4371
1.141,28.9379
1.142,29.344
1.143,29.6538
1.144,29.8659
1.145,29.9794
1.146,29.9937
1.147,29.9085
1.148,29.7237
1.149,29.4398
1.15,29.0575
1.151,28.5777
1.152,28.0018
1.153,27.3315
1.154,26.5689
1.155,25.7161
1.156,24.7759
1.157,23.7512
1.158,22.6454
1.159,21.4618
1.16,20.2043
1.161,18.8771
1.162,17.4844
1.163,16.0309
1.164,14.5213
1.165,12.9607
1.166,11.3543
1.167,9.70754
1.168,8.02595
1.169,6.31526
1.17,4.5813
1.171,2.83001
1.172,1.06741
1.173,-0.700386
1.174,-2.46726
1.175,-4.22704
1.176,-5.97357
1.177,-7.70071
1.178,-9.40235
1.179,-11.0725
1.18,-12.7051
1.181,-14.2944
1.182,-15.8347
1.183,-17.3204
1.184,-18.7461
1.185,-20.1066
1.186,-21.3969
1.187,-22.6122
1.188,-23.748
1.189,-24.8001
1.19,-25.7645
1.191,-26.6375
1.192,-27.4158
1.193,-28.0962
1.194,-28.6762
1.195,-29.1534
1.196,-29.5258
1.197,-29.7917
1.198,-29.9501
1.199,-29.9999
1.2,-29.9408
1.201,-29.7727
1.202,-29.496
1.203,-29.1113
1.204,-28.6198
1.205,-28.0231
1.206,-27.3231
1.207,-26.5221
1.208,-25.6228
1.209,-24.6283
1.21,-23.542
1.211,-22.3677
1.212,-21.1095
1.213,-19.772
1.214,-18.3598
1.215,-16.8781
1.216,-15.3322
1.217,-13.7278
1.218,-12.0706
1.219,-10.3669
1.22,-8.62282
1.221,-6.8449
1.222,-5.03973
1.223,-3.21408
1.224,-1.37478
1.225,0.47122
1.226,2.31694
1.227,4.15536
1.228,5.97948
1.229,7.78229
1.23,9.55687
1.231,11.2964
1.232,12.994
1.233,14.6432
1.234,16.2374
1.235,17.7705
1.236,19.2364
1.237,20.6291
1.238,21.9432
1.239,23.1734
1.24,24.3148
1.241,25.3625
1.242,26.3124
1.243,27.1605
1.244,27.9033
1.245,28.5375
1.246,29.0605
1.247,29.4699
1.248,29.7638
1.249,29.9408
1.25,30
1.251,29.9408
1.252,29.7631
1.253,29.4673
1.254,29.0545
1.255,28.5259
1.256,27.8833
1.257,27.1291
1.258,26.2659
1.259,25.2971
1.26,24.2261
1.261,23.0571
1.262,21.7946
1.263,20.4433
1.264,19.0086
1.265,17.496
1.266,15.9115
1.267,14.2613
1.268,12.5519
1.269,10.7902
1.27,8.98321
1.271,7.13819
1.272,5.26257
1.273,3.36396
1.274,1.4501
1.275,-0.47122
1.276,-2.39211
1.277,-4.30465
1.278,-6.20096
1.279,-8.07316
1.28,-9.91346
1.281,-11.7141
1.282,-13.4677
1.283,-15.1666
1.284,-16.8038
1.285,-18.3723
1.286,-19.8654
1.287,-21.2766
1.288,-22.5998
1.289,-23.8293
1.29,-24.9598
1.291,-25.9862
1.292,-26.9039
1.293,-27.7089
1.294,-28.3974
1.295,-28.9664
1.296,-29.413
1.297,-29.7351
1.298,-29.9312
1.299,-29.9999
1.3,-29.9408
1.301,-29.7538
1.302,-29.4394
1.303,-28.9987
1.304,-28.4332
1.305,-27.7452
1.306,-26.9372
1.307,-26.0125
1.308,-24.9748
1.309,-23.8284
1.31,-22.578
1.311,-21.2287
1.312,-19.7861
1.313,-18.2565
1.314,-16.6461
1.315,-14.9619
1.316,-13.211
1.317,-11.401
1.318,-9.53971
1.319,-7.6351
1.32,-5.69548
1.321,-3.72933
1.322,-1.74524
1.323,0.248057
1.324,2.24176
1.325,4.22704
1.326,6.19506
1.327,8.13705
1.328,10.0443
1.329,11.9082
1.33,13.7204
1.331,15.4726
1.332,17.1569
1.333,18.7655
1.334,20.2911
1.335,21.7266
1.336,23.0653
1.337,24.3011
1.338,25.4279
1.339,26.4406
1.34,27.3343
1.341,28.1047
1.342,28.7479
1.343,29.2608
1.344,29.6407
1.345,29.8857
1.346,29.9942
1.347,29.9655
1.348,29.7994
1.349,29.4964
1.35,29.0575
1.351,28.4845
1.352,27.7797
1.353,26.9461
1.354,25.9873
1.355,24.9074
1.356,23.7111
1.357,22.4038
1.358,20.9913
1.359,19.48
1.36,17.8767
1.361,16.1886
1.362,14.4235
1.363,12.5896
1.364,10.6952
1.365,8.74912
1.366,6.76045
1.367,4.73846
1.368,2.69261
1.369,0.632544
1.37,-1.43202
1.371,-3.4913
1.372,-5.5355
1.373,-7.55487
1.374,-9.53971
1.375,-11.4805
1.376,-13.3679
1.377,-15.1926
1.378,-16.946
1.379,-18.6193
1.38,-20.2043
1.381,-21.6933
1.382,-23.0788
1.383,-24.354
1.384,-25.5124
1.385,-26.5482
1.386,-27.456
1.387,-28.2313
1.388,-28.8699
1.389,-29.3684
1.39,-29.7241
1.391,-29.935
1.392,-29.9997
1.393,-29.9176
1.394,-29.6888
1.395,-29.314
1.396,-28.7949
1.397,-28.1336
1.398,-27.3331
1.399,-26.3971
1.4,-25.3298
1.401,-24.1364
1.402,-22.8225
1.403,-21.3942
1.404,-19.8586
1.405,-18.2229
1.406,-16.4953
1.407,-14.684
1.408,-12.7979
1.409,-10.8465
1.41,-8.83922
1.411,-6.78616
1.412,-4.6975
1.413,-2.58371
1.414,-0.455388
1.415,1.67674
1.416,3.80188
1.417,5.90927
1.418,7.98817
1.419,10.0279
1.42,12.0181
1.421,13.9485
1.422,15.8091
1.423,17.5902
1.424,19.2826
1.425,20.8774
1.426,22.3662
1.427,23.7411
1.428,24.9949
1.429,26.1207
1.43,27.1126
1.431,27.9651
1.432,28.6736
1.433,29.2339
1.434,29.643
1.435,29.8984
1.436,29.9985
1.437,29.9423
1.438,29.7298
1.439,29.3619
1.44,28.8402
1.441,28.1669
1.442,27.3455
1.443,26.3798
1.444,25.2747
1.445,24.0357
1.446,22.6691
1.447,21.1817
1.448,19.5813
1.449,17.8761
1.45,16.0748
1.451,14.1869
1.452,12.2223
1.453,10.1912
1.454,8.10438
1.455,5.97283
1.456,3.80787
1.457,1.62103
1.458,-0.576007
1.459,-2.77145
1.46,-4.95349
1.461,-7.11035
1.462,-9.23034
1.463,-11.3019
1.464,-13.3138
1.465,-15.255
1.466,-17.1148
1.467,-18.8829
1.468,-20.5496
1.469,-22.1055
1.47,-23.542
1.471,-24.8509
1.472,-26.0249
1.473,-27.0572
1.474,-27.9419
1.475,-28.6738
1.476,-29.2486
1.477,-29.6628
1.478,-29.9139
1.479,-30
1.48,-29.9204
1.481,-29.6751
1.482,-29.2653
1.483,-28.6928
1.484,-27.9605
1.485,-27.0721
1.486,-26.0324
1.487,-24.8467
1.488,-23.5214
1.489,-22.0637
1.49,-20.4814
1.491,-18.7832
1.492,-16.9783
1.493,-15.0768
1.494,-13.0891
1.495,-11.0262
1.496,-8.89973
1.497,-6.72151
1.498,-4.50379
1.499,-2.25905
1.5,-6.61E-14
1.501,2.26056
1.502,4.50975
1.503,6.73474
1.504,8.92277
1.505,11.0613
1.506,13.1379
1.507,15.1406
1.508,17.0578
1.509,18.8782
1.51,20.5913
1.511,22.1869
1.512,23.6556
1.513,24.9886
1.514,26.178
1.515,27.2166
1.516,28.0981
1.517,28.817
1.518,29.3689
1.519,29.7501
1.52,29.9582
1.521,29.9916
1.522,29.8497
1.523,29.5331
1.524,29.0432
1.525,28.3826
1.526,27.5547
1.527,26.5643
1.528,25.4167
1.529,24.1185
1.53,22.677
1.531,21.1004
1.532,19.3979
1.533,17.5792
1.534,15.655
1.535,13.6365
1.536,11.5355
1.537,9.3644
1.538,7.13599
1.539,4.86349
1.54,2.56042
1.541,0.240518
1.542,-2.08233
1.543,-4.39418
1.544,-6.68109
1.545,-8.92924
1.546,-11.125
1.547,-13.255
1.548,-15.3063
1.549,-17.2662
1.55,-19.1227
1.551,-20.8644
1.552,-22.4804
1.553,-23.9606
1.554,-25.2958
1.555,-26.4776
1.556,-27.4984
1.557,-28.3516
1.558,-29.0318
1.559,-29.5344
1.56,-29.856
1.561,-29.9943
1.562,-29.948
1.563,-29.7171
1.564,-29.3026
1.565,-28.7068
1.566,-27.9331
1.567,-26.9858
1.568,-25.8705
1.569,-24.5938
1.57,-23.1634
1.571,-21.5878
1.572,-19.8767
1.573,-18.0403
1.574,-16.0901
1.575,-14.0379
1.576,-11.8964
1.577,-9.67899
1.578,-7.39934
1.579,-5.07169
1.58,-2.71063
1.581,-0.330991
1.582,2.05224
1.583,4.42401
1.584,6.76926
1.585,9.07309
1.586,11.3208
1.587,13.498
1.588,15.5907
1.589,17.5853
1.59,19.4691
1.591,21.2297
1.592,22.8557
1.593,24.3364
1.594,25.662
1.595,26.8237
1.596,27.8138
1.597,28.6255
1.598,29.2533
1.599,29.6928
1.6,29.9408
1.601,29.9953
1.602,29.8557
1.603,29.5224
1.604,28.9973
1.605,28.2834
1.606,27.3851
1.607,26.3077
1.608,25.0581
1.609,23.644
1.61,22.0744
1.611,20.3593
1.612,18.5097
1.613,16.5374
1.614,14.4553
1.615,12.2767
1.616,10.0159
1.617,7.68759
1.618,5.3071
1.619,2.89005
1.62,0.452372
1.621,-1.98981
1.622,-4.42028
1.623,-6.82287
1.624,-9.18155
1.625,-11.4805
1.626,-13.7043
1.627,-15.8379
1.628,-17.867
1.629,-19.7776
1.63,-21.5569
1.631,-23.1926
1.632,-24.6734
1.633,-25.9892
1.634,-27.1307
1.635,-28.0899
1.636,-28.86
1.637,-29.4355
1.638,-29.8121
1.639,-29.9868
1.64,-29.9582
1.641,-29.7261
1.642,-29.2916
1.643,-28.6573
1.644,-27.8273
1.645,-26.8068
1.646,-25.6024
1.647,-24.2221
1.648,-22.675
1.649,-20.9714
1.65,-19.1227
1.651,-17.1414
1.652,-15.0409
1.653,-12.8354
1.654,-10.54
1.655,-8.17042
1.656,-5.74285
1.657,-3.27404
1.658,-0.781037
1.659,1.71889
1.66,4.20837
1.661,6.67006
1.662,9.08675
1.663,11.4415
1.664,13.7177
1.665,15.8994
1.666,17.971
1.667,19.9178
1.668,21.7261
1.669,23.3827
1.67,24.8758
1.671,26.1946
1.672,27.3294
1.673,28.2719
1.674,29.015
1.675,29.5533
1.676,29.8824
1.677,29.9997
1.678,29.904
1.679,29.5955
1.68,29.0762
1.681,28.3492
1.682,27.4194
1.683,26.2932
1.684,24.9782
1.685,23.4835
1.686,21.8194
1.687,19.9978
1.688,18.0313
1.689,15.9339
1.69,13.7204
1.691,11.4066
1.692,9.00911
1.693,6.54503
1.694,4.03212
1.695,1.4885
1.696,-1.06741
1.697,-3.61708
1.698,-6.14193
1.699,-8.62354
1.7,-11.0437
1.701,-13.3847
1.702,-15.6293
1.703,-17.7608
1.704,-19.7635
1.705,-21.6223
1.706,-23.3235
1.707,-24.8543
1.708,-26.203
1.709,-27.3594
1.71,-28.3147
1.711,-29.0614
1.712,-29.5937
1.713,-29.9072
1.714,-29.9992
1.715,-29.8686
1.716,-29.5161
1.717,-28.9439
1.718,-28.1558
1.719,-27.1573
1.72,-25.9556
1.721,-24.5592
1.722,-22.9783
1.723,-21.2244
1.724,-19.3103
1.725,-17.2502
1.726,-15.0592
1.727,-12.7536
1.728,-10.3506
1.729,-7.86818
1.73,-5.32491
1.731,-2.73992
1.732,-0.1327
1.733,2.47702
1.734,5.06946
1.735,7.62489
1.736,10.1238
1.737,12.5471
1.738,14.8762
1.739,17.0931
1.74,19.1808
1.741,21.1229
1.742,22.9045
1.743,24.5115
1.744,25.9314
1.745,27.1528
1.746,28.1662
1.747,28.9632
1.748,29.5375
1.749,29.8841
1.75,30
1.751,29.8839
1.752,29.5364
1.753,28.9597
1.754,28.1579
1.755,27.1368
1.756,25.904
1.757,24.4688
1.758,22.842
1.759,21.036
1.76,19.0646
1.761,16.9429
1.762,14.6872
1.763,12.3152
1.764,9.84511
1.765,7.29626
1.766,4.68857
1.767,2.04246
1.768,-0.621237
1.769,-3.28154
1.77,-5.9174
1.771,-8.50793
1.772,-11.0325
1.773,-13.471
1.774,-15.804
1.775,-18.0126
1.776,-20.0791
1.777,-21.9869
1.778,-23.7204
1.779,-25.2654
1.78,-26.6094
1.781,-27.7411
1.782,-28.6513
1.783,-29.3322
1.784,-29.778
1.785,-29.9846
1.786,-29.9501
1.787,-29.6742
1.788,-29.1589
1.789,-28.4079
1.79,-27.4268
1.791,-26.2232
1.792,-24.8065
1.793,-23.1878
1.794,-21.3799
1.795,-19.3973
1.796,-17.2557
1.797,-14.9723
1.798,-12.5656
1.799,-10.0549
1.8,-7.4607
1.801,-4.80396
1.802,-2.1064
1.803,0.60993
1.804,3.32275
1.805,6.00977
1.806,8.64882
1.807,11.2181
1.808,13.6962
1.809,16.0627
1.81,18.2977
1.811,20.3826
1.812,22.2997
1.813,24.033
1.814,25.5678
1.815,26.8909
1.816,27.991
1.817,28.8586
1.818,29.486
1.819,29.8676
1.82,29.9999
1.821,29.8813
1.822,29.5123
1.823,28.8958
1.824,28.0363
1.825,26.9408
1.826,25.6181
1.827,24.079
1.828,22.336
1.829,20.4036
1.83,18.2977
1.831,16.036
1.832,13.6372
1.833,11.1215
1.834,8.5101
1.835,5.82498
1.836,3.08886
1.837,0.32496
1.838,-2.44321
1.839,-5.19204
1.84,-7.89801
1.841,-10.5379
1.842,-13.0891
1.843,-15.5294
1.844,-17.8379
1.845,-19.9944
1.846,-21.9802
1.847,-23.7779
1.848,-25.3718
1.849,-26.7476
1.85,-27.8933
1.851,-28.7985
1.852,-29.455
1.853,-29.8567
1.854,-29.9997
1.855,-29.8823
1.856,-29.5053
1.857,-28.8713
1.858,-27.9856
1.859,-26.8554
1.86,-25.4902
1.861,-23.9015
1.862,-22.103
1.863,-20.1099
1.864,-17.9396
1.865,-15.6106
1.866,-13.1433
1.867,-10.5591
1.868,-7.88055
1.869,-5.13113
1.87,-2.33498
1.871,0.483282
1.872,3.29877
1.873,6.08657
1.874,8.82193
1.875,11.4805
1.876,14.0386
1.877,16.4732
1.878,18.7626
1.879,20.886
1.88,22.8244
1.881,24.5601
1.882,26.0772
1.883,27.3619
1.884,28.4023
1.885,29.1886
1.886,29.7134
1.887,29.9716
1.888,29.9604
1.889,29.6795
1.89,29.131
1.891,28.3195
1.892,27.2517
1.893,25.937
1.894,24.387
1.895,22.6152
1.896,20.6373
1.897,18.4711
1.898,16.1359
1.899,13.6526
1.9,11.0437
1.901,8.3328
1.902,5.5444
1.903,2.70388
1.904,-0.162859
1.905,-3.02961
1.906,-5.87009
1.907,-8.6582
1.908,-11.3683
1.909,-13.9752
1.91,-16.4549
1.911,-18.7843
1.912,-20.9417
1.913,-22.9069
1.914,-24.6614
1.915,-26.1887
1.916,-27.4742
1.917,-28.5057
1.918,-29.2732
1.919,-29.7692
1.92,-29.9885
1.921,-29.9288
1.922,-29.5902
1.923,-28.9754
1.924,-28.0896
1.925,-26.9408
1.926,-25.5393
1.927,-23.8979
1.928,-22.0315
1.929,-19.9573
1.93,-17.6945
1.931,-15.2641
1.932,-12.6887
1.933,-9.99241
1.934,-7.20042
1.935,-4.33898
1.936,-1.43503
1.937,1.48399
1.938,4.39045
1.939,7.25676
1.94,10.0557
1.941,12.7604
1.942,15.3452
1.943,17.7851
1.944,20.0567
1.945,22.1381
1.946,24.0091
1.947,25.6514
1.948,27.049
1.949,28.1882
1.95,29.0575
1.951,29.6482
1.952,29.9543
1.953,29.9723
1.954,29.7017
1.955,29.1445
1.956,28.3057
1.957,27.1931
1.958,25.8169
1.959,24.19
1.96,22.3279
1.961,20.2483
1.962,17.971
1.963,15.5178
1.964,12.9124
1.965,10.1799
1.966,7.34671
1.967,4.44041
1.968,1.48926
1.969,-1.47796
1.97,-4.43221
1.971,-7.34452
1.972,-10.1863
1.973,-12.9294
1.974,-15.5468
1.975,-18.0126
1.976,-20.3022
1.977,-22.3928
1.978,-24.2634
1.979,-25.8953
1.98,-27.2718
1.981,-28.3791
1.982,-29.2058
1.983,-29.7431
1.984,-29.9853
1.985,-29.9297
1.986,-29.5762
1.987,-28.928
1.988,-27.991
1.989,-26.7742
1.99,-25.2894
1.991,-23.5509
1.992,-21.5758
1.993,-19.3835
1.994,-16.9957
1.995,-14.4361
1.996,-11.7301
1.997,-8.90477
1.998,-5.98834
1.999,-3.0101
2,-1.18E-13
2.001,3.0116
2.002,5.99425
2.003,8.91773
2.004,11.7523
2.005,14.4691
2.006,17.0404
2.007,19.4398
2.008,21.6427
2.009,23.6263
2.01,25.3702
2.011,26.856
2.012,28.0684
2.013,28.9944
2.014,29.6243
2.015,29.951
2.016,29.9708
2.017,29.683
2.018,29.0902
2.019,28.198
2.02,27.015
2.021,25.5532
2.022,23.827
2.023,21.8541
2.024,19.6543
2.025,17.2502
2.026,14.6662
2.027,11.929
2.028,9.06662
2.029,6.10872
2.03,3.08586
2.031,0.0294053
2.032,-3.02886
2.033,-6.05704
2.034,-9.02349
2.035,-11.8971
2.036,-14.6478
2.037,-17.2465
2.038,-19.6657
2.039,-21.8799
2.04,-23.8655
2.041,-25.6012
2.042,-27.0686
2.043,-28.2516
2.044,-29.1375
2.045,-29.7164
2.046,-29.9819
2.047,-29.9305
2.048,-29.5624
2.049,-28.8811
2.05,-27.8933
2.051,-26.609
2.052,-25.0415
2.053,-23.2069
2.054,-21.1245
2.055,-18.8161
2.056,-16.3059
2.057,-13.6204
2.058,-10.7881
2.059,-7.83907
2.06,-4.80471
2.061,-1.71739
2.062,1.38985
2.063,4.48366
2.064,7.53078
2.065,10.4984
2.066,13.3544
2.067,16.0678
2.068,18.6092
2.069,20.9509
2.07,23.0673
2.071,24.9351
2.072,26.5338
2.073,27.8456
2.074,28.8559
2.075,29.5533
2.076,29.9297
2.077,29.9807
2.078,29.705
2.079,29.1054
2.08,28.1879
2.081,26.962
2.082,25.4407
2.083,23.6403
2.084,21.58
2.085,19.282
2.086,16.7713
2.087,14.0752
2.088,11.223
2.089,8.24584
2.09,5.17644
2.091,2.04848
2.092,-1.10358
2.093,-4.24495
2.094,-7.34087
2.095,-10.357
2.096,-13.2598
2.097,-16.0168
2.098,-18.5974
2.099,-20.9725
2.1,-23.1154
2.101,-25.002
2.102,-26.6108
2.103,-27.9234
2.104,-28.925
2.105,-29.6036
2.106,-29.9514
2.107,-29.964
2.108,-29.6407
2.109,-28.9847
2.11,-28.0029
2.111,-26.7058
2.112,-25.1077
2.113,-23.226
2.114,-21.0816
2.115,-18.6984
2.116,-16.1028
2.117,-13.324
2.118,-10.3931
2.119,-7.34306
2.12,-4.20837
2.121,-1.02446
2.122,2.17258
2.123,5.34643
2.124,8.46092
2.125,11.4805
2.126,14.3706
2.127,17.0981
2.128,19.6315
2.129,21.9417
2.13,24.0019
2.131,25.788
2.132,27.2794
2.133,28.4584
2.134,29.311
2.135,29.827
2.136,30
2.137,29.8275
2.138,29.311
2.139,28.456
2.14,27.2718
2.141,25.7718
2.142,23.9729
2.143,21.8954
2.144,19.563
2.145,17.0025
2.146,14.2434
2.147,11.3173
2.148,8.25817
2.149,5.10141
2.15,1.88372
2.151,-1.35746
2.152,-4.58428
2.153,-7.75899
2.154,-10.8444
2.155,-13.8041
2.156,-16.6034
2.157,-19.2091
2.158,-21.5904
2.159,-23.719
2.16,-25.5694
2.161,-27.1194
2.162,-28.3504
2.163,-29.2474
2.164,-29.7994
2.165,-29.9993
2.166,-29.8443
2.167,-29.3357
2.168,-28.4791
2.169,-27.2841
2.17,-25.7645
2.171,-23.9379
2.172,-21.8257
2.173,-19.4525
2.174,-16.8463
2.175,-14.0379
2.176,-11.0606
2.177,-7.94964
2.178,-4.74218
2.179,-1.47645
2.18,1.80846
2.181,5.07318
2.182,8.27846
2.183,11.3857
2.184,14.3574
2.185,17.1575
2.186,19.7521
2.187,22.1096
2.188,24.2012
2.189,26.0012
2.19,27.4875
2.191,28.6417
2.192,29.4492
2.193,29.8999
2.194,29.9878
2.195,29.7112
2.196,29.0732
2.197,28.0809
2.198,26.7459
2.199,25.0842
2.2,23.1154
2.201,20.8633
2.202,18.355
2.203,15.6209
2.204,12.6942
2.205,9.61045
2.206,6.40736
2.207,3.12411
2.208,-0.19905
2.209,-3.52125
2.21,-6.80158
2.211,-9.99952
2.212,-13.0755
2.213,-15.9913
2.214,-18.7108
2.215,-21.1999
2.216,-23.4275
2.217,-25.3657
2.218,-26.9901
2.219,-28.2799
2.22,-29.2188
2.221,-29.7946
2.222,-29.9996
2.223,-29.8307
2.224,-29.2896
2.225,-28.3826
2.226,-27.1204
2.227,-25.5183
2.228,-23.5961
2.229,-21.3773
2.23,-18.8894
2.231,-16.1632
2.232,-13.2327
2.233,-10.1345
2.234,-6.90728
2.235,-3.59163
2.236,-0.229208
2.237,3.1376
2.238,6.46628
2.239,9.71467
2.24,12.8416
2.241,15.8072
2.242,18.5737
2.243,21.1058
2.244,23.3709
2.245,25.3399
2.246,26.9874
2.247,28.292
2.248,29.2365
2.249,29.8084
2.25,30
2.251,29.8083
2.252,29.2351
2.253,28.2875
2.254,26.9769
2.255,25.3197
2.256,23.3368
2.257,21.0532
2.258,18.4978
2.259,15.7032
2.26,12.7051
2.261,9.54186
2.262,6.25407
2.263,2.88405
2.264,-0.524745
2.265,-3.92824
2.266,-7.28237
2.267,-10.5436
2.268,-13.6694
2.269,-16.6191
2.27,-19.3541
2.271,-21.8386
2.272,-24.0398
2.273,-25.9287
2.274,-27.4803
2.275,-28.6738
2.276,-29.4932
2.277,-29.9273
2.278,-29.9698
2.279,-29.6198
2.28,-28.8813
2.281,-27.7635
2.282,-26.2805
2.283,-24.4514
2.284,-22.2997
2.285,-19.8535
2.286,-17.1445
2.287,-14.2082
2.288,-11.083
2.289,-7.80996
2.29,-4.43221
2.291,-0.99432
2.292,2.45824
2.293,5.8797
2.294,9.2246
2.295,12.4484
2.296,15.5081
2.297,18.3628
2.298,20.9741
2.299,23.3069
2.3,25.3298
2.301,27.0154
2.302,28.3405
2.303,29.2872
2.304,29.8421
2.305,29.9974
2.306,29.7504
2.307,29.104
2.308,28.0663
2.309,26.6507
2.31,24.8758
2.311,22.7651
2.312,20.3466
2.313,17.6525
2.314,14.7188
2.315,11.5849
2.316,8.29295
2.317,4.8873
2.318,1.41395
2.319,-2.08007
2.32,-5.54736
2.321,-8.94076
2.322,-12.214
2.323,-15.3225
2.324,-18.2235
2.325,-20.8774
2.326,-23.2475
2.327,-25.3011
2.328,-27.0098
2.329,-28.3497
2.33,-29.302
2.331,-29.8531
2.332,-29.995
2.333,-29.7253
2.334,-29.047
2.335,-27.969
2.336,-26.5056
2.337,-24.6764
2.338,-22.5063
2.339,-20.0247
2.34,-17.2656
2.341,-14.2666
2.342,-11.069
2.343,-7.71674
2.344,-4.25615
2.345,-0.735059
2.346,2.79773
2.347,6.29314
2.348,9.70254
2.349,12.9784
2.35,16.0748
2.351,18.9485
2.352,21.559
2.353,23.8696
2.354,25.8476
2.355,27.4648
2.356,28.6983
2.357,29.5302
2.358,29.9483
2.359,29.9463
2.36,29.5236
2.361,28.6857
2.362,27.4439
2.363,25.815
2.364,23.8215
2.365,21.4913
2.366,18.8566
2.367,15.9543
2.368,12.8252
2.369,9.51326
2.37,6.06516
2.371,2.52962
2.372,-1.0433
2.373,-4.6029
2.374,-8.09857
2.375,-11.4805
2.376,-14.7004
2.377,-17.7122
2.378,-20.4726
2.379,-22.9419
2.38,-25.0846
2.381,-26.8695
2.382,-28.2706
2.383,-29.2674
2.384,-29.8452
2.385,-29.995
2.386,-29.7143
2.387,-29.0064
2.388,-27.8811
2.389,-26.354
2.39,-24.4466
2.391,-22.1859
2.392,-19.6041
2.393,-16.7382
2.394,-13.6291
2.395,-10.3216
2.396,-6.86325
2.397,-3.30402
2.398,0.304604
2.399,3.9103
2.4,7.4607
2.401,10.9041
2.402,14.1903
2.403,17.2711
2.404,20.1015
2.405,22.6399
2.406,24.8488
2.407,26.6955
2.408,28.1526
2.409,29.1983
2.41,29.8168
2.411,29.9983
2.412,29.7398
2.413,29.0445
2.414,27.9221
2.415,26.3885
2.416,24.4658
2.417,22.1818
2.418,19.5699
2.419,16.668
2.42,13.5188
2.421,10.1685
2.422,6.66639
2.423,3.06411
2.424,-0.585053
2.425,-4.22704
2.426,-7.80777
2.427,-11.274
2.428,-14.574
2.429,-17.6586
2.43,-20.4814
2.431,-23.0001
2.432,-25.1768
2.433,-26.9785
2.434,-28.3779
2.435,-29.3535
2.436,-29.8903
2.437,-29.9796
2.438,-29.6195
2.439,-28.8149
2.44,-27.5774
2.441,-25.9249
2.442,-23.8819
2.443,-21.4786
2.444,-18.7508
2.445,-15.7392
2.446,-12.4889
2.447,-9.04865
2.448,-5.47028
2.449,-1.80771
2.45,1.88372
2.451,5.5481
2.452,9.12985
2.453,12.5745
2.454,15.8296
2.455,18.8454
2.456,21.5758
2.457,23.9788
2.458,26.0174
2.459,27.6601
2.46,28.8813
2.461,29.6619
2.462,29.9894
2.463,29.8583
2.464,29.2699
2.465,28.2328
2.466,26.7623
2.467,24.8804
2.468,22.6157
2.469,20.0023
2.47,17.0801
2.471,13.8938
2.472,10.492
2.473,6.92709
2.474,3.25381
2.475,-0.47122
2.476,-4.19046
2.477,-7.84635
2.478,-11.3822
2.479,-14.7431
2.48,-17.8767
2.481,-20.734
2.482,-23.2703
2.483,-25.4459
2.484,-27.2264
2.485,-28.5837
2.486,-29.496
2.487,-29.9485
2.488,-29.9338
2.489,-29.4514
2.49,-28.5083
2.491,-27.1188
2.492,-25.3039
2.493,-23.0918
2.494,-20.5166
2.495,-17.6183
2.496,-14.442
2.497,-11.0374
2.498,-7.45778
2.499,-3.75925
2.5,2.95E-14
2.501,3.76075
2.502,7.46362
2.503,11.05
2.504,14.4632
2.505,17.6488
2.506,20.5562
2.507,23.1389
2.508,25.3557
2.509,27.1708
2.51,28.5549
2.511,29.4856
2.512,29.9474
2.513,29.9325
2.514,29.4406
2.515,28.4788
2.516,27.0621
2.517,25.2124
2.518,22.9589
2.519,20.3372
2.52,17.3887
2.521,14.1604
2.522,10.7036
2.523,7.07372
2.524,3.32875
2.525,-0.47122
2.526,-4.2651
2.527,-7.9918
2.528,-11.5912
2.529,-15.005
2.53,-18.178
2.531,-21.0586
2.532,-23.5998
2.533,-25.7603
2.534,-27.5044
2.535,-28.8035
2.536,-29.6361
2.537,-29.9879
2.538,-29.8527
2.539,-29.2323
2.54,-28.1359
2.541,-26.5811
2.542,-24.5925
2.543,-22.2021
2.544,-19.4484
2.545,-16.376
2.546,-13.0348
2.547,-9.47893
2.548,-5.76653
2.549,-1.95821
2.55,1.88372
2.551,5.69622
2.552,9.41667
2.553,12.9838
2.554,16.3387
2.555,19.426
2.556,22.1945
2.557,24.5981
2.558,26.5968
2.559,28.1571
2.56,29.2526
2.561,29.8648
2.562,29.9829
2.563,29.6044
2.564,28.7349
2.565,27.3884
2.566,25.5867
2.567,23.3591
2.568,20.7422
2.569,17.779
2.57,14.5186
2.571,11.015
2.572,7.32624
2.573,3.51377
2.574,-0.358887
2.575,-4.22704
2.576,-8.02595
2.577,-11.6919
2.578,-15.1634
2.579,-18.3818
2.58,-21.293
2.581,-23.8476
2.582,-26.0023
2.583,-27.7204
2.584,-28.9724
2.585,-29.7367
2.586,-29.9999
2.587,-29.7569
2.588,-29.0112
2.589,-27.7749
2.59,-26.0683
2.591,-23.9197
2.592,-21.3651
2.593,-18.4473
2.594,-15.2154
2.595,-11.7239
2.596,-8.03176
2.597,-4.20166
2.598,-0.298572
2.599,3.61109
2.6,7.4607
2.601,11.1845
2.602,14.7188
2.603,18.003
2.604,20.9806
2.605,23.6003
2.606,25.8169
2.607,27.5919
2.608,28.8943
2.609,29.7013
2.61,29.9985
2.611,29.7801
2.612,29.0492
2.613,27.818
2.614,26.107
2.615,23.9452
2.616,21.3694
2.617,18.4235
2.618,15.1582
2.619,11.6294
2.62,7.89801
2.621,4.02839
2.622,0.0874618
2.623,-3.85647
2.624,-7.73495
2.625,-11.4805
2.626,-15.0279
2.627,-18.315
2.628,-21.2845
2.629,-23.8842
2.63,-26.0683
2.631,-27.7982
2.632,-29.0432
2.633,-29.781
2.634,-29.998
2.635,-29.69
2.636,-28.8617
2.637,-27.5269
2.638,-25.7087
2.639,-23.4383
2.64,-20.7552
2.641,-17.7061
2.642,-14.3441
2.643,-10.7283
2.644,-6.92195
2.645,-2.9921
2.646,0.99206
2.647,4.96019
2.648,8.84211
2.649,12.569
2.65,16.0748
2.651,19.297
2.652,22.1783
2.653,24.667
2.654,26.7185
2.655,28.296
2.656,29.3707
2.657,29.923
2.658,29.9425
2.659,29.4282
2.66,28.3887
2.661,26.8419
2.662,24.815
2.663,22.3436
2.664,19.4714
2.665,16.2495
2.666,12.7352
2.667,8.99113
2.668,5.08432
2.669,1.08474
2.67,-2.93582
2.671,-6.90508
2.672,-10.7515
2.673,-14.4057
2.674,-17.8015
2.675,-20.8774
2.676,-23.5775
2.677,-25.8525
2.678,-27.661
2.679,-28.9695
2.68,-29.7539
2.681,-29.9994
2.682,-29.7008
2.683,-28.8631
2.684,-27.5008
2.685,-25.6381
2.686,-23.3084
2.687,-20.5534
2.688,-17.4231
2.689,-13.9739
2.69,-10.2685
2.691,-6.37421
2.692,-2.36204
2.693,1.6948
2.694,5.72213
2.695,9.64616
2.696,13.3949
2.697,16.8993
2.698,20.0948
2.699,22.9225
2.7,25.3298
2.701,27.2722
2.702,28.7132
2.703,29.6258
2.704,29.9926
2.705,29.8062
2.706,29.0695
2.707,27.7954
2.708,26.0069
2.709,23.7365
2.71,21.0258
2.711,17.9245
2.712,14.4896
2.713,10.7846
2.714,6.87793
2.715,2.84201
2.716,-1.24823
2.717,-5.31675
2.718,-9.28772
2.719,-13.087
2.72,-16.6436
2.721,-19.8908
2.722,-22.7676
2.723,-25.2198
2.724,-27.201
2.725,-28.6738
2.726,-29.6098
2.727,-29.9911
2.728,-29.8097
2.729,-29.0685
2.73,-27.7809
2.731,-25.9703
2.732,-23.6704
2.733,-20.9239
2.734,-17.7821
2.735,-14.3037
2.736,-10.5542
2.737,-6.60389
2.738,-2.52737
2.739,1.59844
2.74,5.69548
2.741,9.68613
2.742,13.4946
2.743,17.0485
2.744,20.28
2.745,23.1274
2.746,25.5362
2.747,27.46
2.748,28.8617
2.749,29.7139
2.75,30
2.751,29.7137
2.752,28.86
2.753,27.4545
2.754,25.5235
2.755,23.1034
2.756,20.24
2.757,16.9876
2.758,13.4083
2.759,9.57045
2.76,5.54736
2.761,1.41621
2.762,-2.74367
2.763,-6.85224
2.764,-10.8303
2.765,-14.601
2.766,-18.0915
2.767,-21.234
2.768,-23.9674
2.769,-26.2386
2.77,-28.0029
2.771,-29.2258
2.772,-29.8829
2.773,-29.961
2.774,-29.4578
2.775,-28.3826
2.776,-26.7555
2.777,-24.6076
2.778,-21.9802
2.779,-18.9239
2.78,-15.4978
2.781,-11.7683
2.782,-7.80777
2.783,-3.69341
2.784,0.49459
2.785,4.67442
2.786,8.76426
2.787,12.6839
2.788,16.3565
2.789,19.7095
2.79,22.677
2.791,25.2001
2.792,27.229
2.793,28.723
2.794,29.6523
2.795,29.9979
2.796,29.7524
2.797,28.9199
2.798,27.5164
2.799,25.569
2.8,23.1154
2.801,20.2038
2.802,16.8912
2.803,13.2428
2.804,9.33072
2.805,5.23213
2.806,1.02823
2.807,-3.19758
2.808,-7.36133
2.809,-11.3801
2.81,-15.1738
2.811,-18.6665
2.812,-21.7884
2.813,-24.4767
2.814,-26.6773
2.815,-28.3457
2.816,-29.4481
2.817,-29.9617
2.818,-29.8756
2.819,-29.191
2.82,-27.921
2.821,-26.0903
2.822,-23.7351
2.823,-20.9023
2.824,-17.6482
2.825,-14.0379
2.826,-10.1437
2.827,-6.04374
2.828,-1.8205
2.829,2.44096
2.83,6.65462
2.831,10.7353
2.832,14.6004
2.833,18.1714
2.834,21.3757
2.835,24.1481
2.836,26.4317
2.837,28.1799
2.838,29.3565
2.839,29.937
2.84,29.909
2.841,29.2724
2.842,28.0395
2.843,26.2349
2.844,23.8947
2.845,21.0661
2.846,17.8063
2.847,14.1816
2.848,10.2656
2.849,6.13824
2.85,1.88372
2.851,-2.41089
2.852,-6.65756
2.853,-10.7691
2.854,-14.6609
2.855,-18.2529
2.856,-21.4707
2.857,-24.2479
2.858,-26.5267
2.859,-28.2597
2.86,-29.4106
2.861,-29.955
2.862,-29.8811
2.863,-29.1897
2.864,-27.8944
2.865,-26.0215
2.866,-23.6091
2.867,-20.7067
2.868,-17.3739
2.869,-13.6795
2.87,-9.69969
2.871,-5.51698
2.872,-1.2181
2.873,3.10761
2.874,7.3701
2.875,11.4805
2.876,15.3529
2.877,18.9064
2.878,22.0662
2.879,24.7661
2.88,26.9491
2.881,28.569
2.882,29.5912
2.883,29.9938
2.884,29.7676
2.885,28.9167
2.886,27.4585
2.887,25.4227
2.888,22.8518
2.889,19.7992
2.89,16.3286
2.891,12.5129
2.892,8.43198
2.893,4.17179
2.894,-0.177939
2.895,-4.5254
2.896,-8.77868
2.897,-12.8477
2.898,-16.6461
2.899,-20.0931
2.9,-23.1154
2.901,-25.6483
2.902,-27.6376
2.903,-29.0404
2.904,-29.8263
2.905,-29.978
2.906,-29.4915
2.907,-28.3767
2.908,-26.6566
2.909,-24.3672
2.91,-21.5569
2.911,-18.2852
2.912,-14.6215
2.913,-10.6437
2.914,-6.43682
2.915,-2.0906
2.916,2.3019
2.917,6.64654
2.918,10.85
2.919,14.8218
2.92,18.4764
2.921,21.7349
2.922,24.5267
2.923,26.7912
2.924,28.4791
2.925,29.5533
2.926,29.9901
2.927,29.7793
2.928,28.925
2.929,27.4448
2.93,25.3702
2.931,22.7455
2.932,19.627
2.933,16.0818
2.934,12.1865
2.935,8.02522
2.936,3.68817
2.937,-0.730537
2.938,-5.13485
2.939,-9.42884
2.94,-13.5188
2.941,-17.3155
2.942,-20.7356
2.943,-23.7042
2.944,-26.1559
2.945,-28.0366
2.946,-29.3046
2.947,-29.9314
2.948,-29.9028
2.949,-29.2186
2.95,-27.8933
2.951,-25.9552
2.952,-23.4463
2.953,-20.4213
2.954,-16.946
2.955,-13.0965
2.956,-8.95731
2.957,-4.61929
2.958,-0.177939
2.959,4.26883
2.96,8.62282
2.961,12.7877
2.962,16.6712
2.963,20.187
2.964,23.257
2.965,25.8127
2.966,27.7968
2.967,29.1647
2.968,29.8856
2.969,29.9426
2.97,29.3339
2.971,28.0724
2.972,26.1854
2.973,23.7144
2.974,20.7138
2.975,17.2502
2.976,13.4003
2.977,9.24971
2.978,4.89102
2.979,0.421462
2.98,-4.05902
2.981,-8.45007
2.982,-12.6532
2.983,-16.5739
2.984,-20.1239
2.985,-23.2232
2.986,-25.8015
2.987,-27.8005
2.988,-29.1744
2.989,-29.8919
2.99,-29.936
2.991,-29.305
2.992,-28.0126
2.993,-26.0873
2.994,-23.5719
2.995,-20.5227
2.996,-17.0081
2.997,-13.1074
2.998,-8.90837
2.999,-4.50602
3,-2.65E-13
3.001,4.50751
3.002,8.91413
3.003,13.1196
3.004,17.028
3.005,20.5501
3.006,23.6054
3.007,26.1237
3.008,28.047
3.009,29.3309
3.01,29.9454
3.011,29.8759
3.012,29.1231
3.013,27.7037
3.014,25.6495
3.015,23.0069
3.016,19.836
3.017,16.2089
3.018,12.2085
3.019,7.92637
3.02,3.4606
3.021,-1.08625
3.022,-5.60959
3.023,-10.0052
3.024,-14.1716
3.025,-18.0126
3.026,-21.4391
3.027,-24.3716
3.028,-26.7418
3.029,-28.4944
3.03,-29.5882
3.031,-29.9972
3.032,-29.7113
3.033,-28.7365
3.034,-27.0945
3.035,-24.823
3.036,-21.9741
3.037,-18.6134
3.038,-14.8185
3.039,-10.6776
3.04,-6.28651
3.041,-1.7475
3.042,2.83376
3.043,7.35037
3.044,11.6968
3.045,15.7713
3.046,19.4783
3.047,22.7307
3.048,25.4519
3.049,27.5777
3.05,29.0575
3.051,29.8561
3.052,29.954
3.053,29.3482
3.054,28.0524
3.055,26.0962
3.056,23.5252
3.057,20.3992
3.058,16.7913
3.059,12.7863
3.06,8.47828
3.061,3.96861
3.062,-0.636313
3.063,-5.22768
3.064,-9.69683
3.065,-13.9378
3.066,-17.85
3.067,-21.3402
3.068,-24.3253
3.069,-26.734
3.07,-28.5083
3.071,-29.6056
3.072,-29.9991
3.073,-29.6786
3.074,-28.6513
3.075,-26.9408
3.076,-24.5873
3.077,-21.6464
3.078,-18.1876
3.079,-14.2931
3.08,-10.0557
3.081,-5.57625
3.082,-0.961916
3.083,3.67695
3.084,8.22917
3.085,12.5855
3.086,16.6411
3.087,20.2983
3.088,23.4689
3.089,26.0761
3.09,28.0567
3.091,29.3622
3.092,29.9607
3.093,29.837
3.094,28.9935
3.095,27.4496
3.096,25.2422
3.097,22.4239
3.098,19.0622
3.099,15.2381
3.1,11.0437
3.101,6.58035
3.102,1.95595
3.103,-2.71739
3.104,-7.32624
3.105,-11.7586
3.106,-15.9064
3.107,-19.6686
3.108,-22.9531
3.109,-25.6795
3.11,-27.7809
3.111,-29.2052
3.112,-29.9172
3.113,-29.8988
3.114,-29.1497
3.115,-27.6874
3.116,-25.5472
3.117,-22.7808
3.118,-19.4553
3.119,-15.6518
3.12,-11.4631
3.121,-6.99163
3.122,-2.34701
3.123,2.35678
3.124,7.00409
3.125,11.4805
3.126,15.6756
3.127,19.4857
3.128,22.8166
3.129,25.5855
3.13,27.7236
3.131,29.1774
3.132,29.9104
3.133,29.9037
3.134,29.1568
3.135,27.6874
3.136,25.5314
3.137,22.7415
3.138,19.3864
3.139,15.5488
3.14,11.3236
3.141,6.81553
3.142,2.13648
3.143,-2.59723
3.144,-7.26774
3.145,-11.7586
3.146,-15.9575
3.147,-19.7595
3.148,-23.0692
3.149,-25.8034
3.15,-27.8933
3.151,-29.2859
3.152,-29.9456
3.153,-29.8553
3.154,-29.0166
3.155,-27.4496
3.156,-25.1932
3.157,-22.3033
3.158,-18.8519
3.159,-14.9253
3.16,-10.6219
3.161,-6.04965
3.162,-1.32356
3.163,3.43738
3.164,8.11309
3.165,12.5855
3.166,16.7413
3.167,20.4753
3.168,23.6926
3.169,26.3113
3.17,28.2645
3.171,29.5021
3.172,29.9921
3.173,29.7212
3.174,28.6957
3.175,26.9408
3.176,24.5006
3.177,21.4365
3.178,17.8258
3.179,13.7599
3.18,9.34219
3.181,4.68484
3.182,-0.0934936
3.183,-4.87093
3.184,-9.52542
3.185,-13.9378
3.186,-17.9951
3.187,-21.5931
3.188,-24.6391
3.189,-27.0546
3.19,-28.7771
3.191,-29.7616
3.192,-29.9824
3.193,-29.4329
3.194,-28.1265
3.195,-26.0962
3.196,-23.3936
3.197,-20.0875
3.198,-16.2628
3.199,-12.0175
3.2,-7.4607
3.201,-2.70988
3.202,2.11242
3.203,6.8816
3.204,11.4742
3.205,15.7713
3.206,19.6612
3.207,23.0427
3.208,25.8276
3.209,27.9432
3.21,29.3339
3.211,29.9629
3.212,29.8131
3.213,28.8876
3.214,27.2099
3.215,24.823
3.216,21.7884
3.217,18.1846
3.218,14.1051
3.219,9.65615
3.22,4.95349
3.221,0.119883
3.222,-4.71835
3.223,-9.43457
3.224,-13.9051
3.225,-18.0126
3.226,-21.649
3.227,-24.7184
3.228,-27.1397
3.229,-28.8487
3.23,-29.7997
3.231,-29.9672
3.232,-29.3459
3.233,-27.9515
3.234,-25.82
3.235,-23.0069
3.236,-19.5859
3.237,-15.6467
3.238,-11.2929
3.239,-6.63918
3.24,-1.80846
3.241,3.07161
3.242,7.87182
3.243,12.4649
3.244,16.7288
3.245,20.5501
3.246,23.827
3.247,26.4719
3.248,28.4139
3.249,29.6007
3.25,30
3.251,29.6005
3.252,28.412
3.253,26.4655
3.254,23.8124
3.255,20.5227
3.256,16.6837
3.257,12.3976
3.258,7.77865
3.259,2.95008
3.26,-1.95896
3.261,-6.817
3.262,-11.4937
3.263,-15.8635
3.264,-19.8088
3.265,-23.2232
3.266,-26.0144
3.267,-28.1068
3.268,-29.4435
3.269,-29.9877
3.27,-29.7241
3.271,-28.6591
3.272,-26.8206
3.273,-24.2577
3.274,-21.0387
3.275,-17.2502
3.276,-12.994
3.277,-8.38494
3.278,-3.54746
3.279,1.38759
3.28,6.28651
3.281,11.0164
3.282,15.4487
3.283,19.4628
3.284,22.9492
3.285,25.8127
3.286,27.9747
3.287,29.3758
3.288,29.9771
3.289,29.7615
3.29,28.7341
3.291,26.9222
3.292,24.3747
3.293,21.1604
3.294,17.3666
3.295,13.0965
3.296,8.46671
3.297,3.60361
3.298,-1.35972
3.299,-6.28725
3.3,-11.0437
3.301,-15.4984
3.302,-19.5287
3.303,-23.0233
3.304,-25.8857
3.305,-28.0366
3.306,-29.416
3.307,-29.9852
3.308,-29.7278
3.309,-28.6502
3.31,-26.7814
3.311,-24.1722
3.312,-20.8942
3.313,-17.0373
3.314,-12.7078
3.315,-8.02522
3.316,-3.11886
3.317,1.87544
3.318,6.8192
3.319,11.5752
3.32,16.0111
3.321,20.0034
3.322,23.4407
3.323,26.2268
3.324,28.2837
3.325,29.5533
3.326,29.9995
3.327,29.6092
3.328,28.3926
3.329,26.3827
3.33,23.6352
3.331,20.226
3.332,16.2501
3.333,11.8182
3.334,7.05394
3.335,2.0906
3.336,-2.93282
3.337,-7.87546
3.338,-12.5985
3.339,-16.969
3.34,-20.8638
3.341,-24.1731
3.342,-26.8031
3.343,-28.6791
3.344,-29.7477
3.345,-29.978
3.346,-29.3627
3.347,-27.9185
3.348,-25.6854
3.349,-22.7258
3.35,-19.1227
3.351,-14.9776
3.352,-10.4072
3.353,-5.54069
3.354,-0.515698
3.355,4.5254
3.356,9.43958
3.357,14.0872
3.358,18.3359
3.359,22.0647
3.36,25.167
3.361,27.5539
3.362,29.1568
3.363,29.9294
3.364,29.8488
3.365,28.9167
3.366,27.1589
3.367,24.6249
3.368,21.3863
3.369,17.5352
3.37,13.1812
3.371,8.44862
3.372,3.47258
3.373,-1.60446
3.374,-6.63698
3.375,-11.4805
3.376,-15.9958
3.377,-20.0528
3.378,-23.5345
3.379,-26.3403
3.38,-28.3887
3.381,-29.6201
3.382,-29.9983
3.383,-29.5117
3.384,-28.1734
3.385,-26.0215
3.386,-23.1173
3.387,-19.5441
3.388,-15.4047
3.389,-10.8183
3.39,-5.9174
3.391,-0.843595
3.392,4.25615
3.393,9.23393
3.394,13.9452
3.395,18.2529
3.396,22.0315
3.397,25.1707
3.398,27.5785
3.399,29.1844
3.4,29.9408
3.401,29.8249
3.402,28.8393
3.403,27.0121
3.404,24.3958
3.405,21.0661
3.406,17.1198
3.407,12.6716
3.408,7.85145
3.409,2.79998
3.41,-2.33498
3.411,-7.40299
3.412,-12.2553
3.413,-16.7495
3.414,-20.753
3.415,-24.1481
3.416,-26.8341
3.417,-28.7317
3.418,-29.7841
3.419,-29.9598
3.42,-29.2526
3.421,-27.6828
3.422,-25.2958
3.423,-22.1615
3.424,-18.3717
3.425,-14.0379
3.426,-9.28772
3.427,-4.26137
3.428,0.892583
3.429,6.02159
3.43,10.9736
3.431,15.6016
3.432,19.768
3.433,23.3487
3.434,26.2367
3.435,28.3457
3.436,29.6123
3.437,29.9979
3.438,29.4904
3.439,28.1042
3.44,25.8796
3.441,22.8825
3.442,19.2016
3.443,14.9462
3.444,10.243
3.445,5.23213
3.446,0.0633345
3.447,-5.10884
3.448,-10.1295
3.449,-14.848
3.45,-19.1227
3.451,-22.8249
3.452,-25.843
3.453,-28.0856
3.454,-29.4849
3.455,-29.9979
3.456,-29.6084
3.457,-28.3274
3.458,-26.1927
3.459,-23.268
3.46,-19.6406
3.461,-15.4196
3.462,-10.7318
3.463,-5.71843
3.464,-0.530776
3.465,4.67442
3.466,9.73963
3.467,14.5114
3.468,18.8448
3.469,22.6082
3.47,25.6869
3.471,27.9869
3.472,29.4377
3.473,29.9944
3.474,29.6393
3.475,28.3826
3.476,26.2615
3.477,23.3401
3.478,19.7067
3.479,15.4713
3.48,10.7628
3.481,5.72435
3.482,0.509667
3.483,-4.72207
3.484,-9.81092
3.485,-14.601
3.486,-18.9456
3.487,-22.711
3.488,-25.7815
3.489,-28.0623
3.49,-29.4827
3.491,-29.9983
3.492,-29.5927
3.493,-28.2774
3.494,-26.0921
3.495,-23.1034
3.496,-19.4025
3.497,-15.1028
3.498,-10.3365
3.499,-5.24995
3.5,-1.00E-12
3.501,5.25143
3.502,10.3421
3.503,15.1146
3.504,19.4209
3.505,23.1274
3.506,26.1189
3.507,28.302
3.508,29.6084
3.509,29.9968
3.51,29.4544
3.511,27.9972
3.512,25.6698
3.513,22.5437
3.514,18.7155
3.515,14.3037
3.516,9.4453
3.517,4.29122
3.518,-0.998088
3.519,-6.25775
3.52,-11.3236
3.521,-16.0372
3.522,-20.2511
3.523,-23.833
3.524,-26.6704
3.525,-28.6738
3.526,-29.7798
3.527,-29.9529
3.528,-29.187
3.529,-27.5053
3.53,-24.9598
3.531,-21.6297
3.532,-17.6189
3.533,-13.0531
3.534,-8.07534
3.535,-2.84201
3.536,2.48228
3.537,7.72985
3.538,12.7352
3.539,17.3401
3.54,21.399
3.541,24.7831
3.542,27.3851
3.543,29.1218
3.544,29.9377
3.545,29.8062
3.546,28.7306
3.547,26.7442
3.548,23.9093
3.549,20.315
3.55,16.0748
3.551,11.3229
3.552,6.20981
3.553,0.897859
3.554,-4.44414
3.555,-9.64616
3.556,-14.5424
3.557,-18.9765
3.558,-22.8068
3.559,-25.9105
3.56,-28.1879
3.561,-29.5656
3.562,-29.9989
3.563,-29.473
3.564,-28.004
3.565,-25.6381
3.566,-22.4504
3.567,-18.5423
3.568,-14.0386
3.569,-9.08315
3.57,-3.83479
3.571,1.5382
3.572,6.86325
3.573,11.9691
3.574,16.6912
3.575,20.8774
3.576,24.3922
3.577,27.122
3.578,28.9779
3.579,29.8994
3.58,29.856
3.581,28.8482
3.582,26.9079
3.583,24.097
3.584,20.5056
3.585,16.2495
3.586,11.4659
3.587,6.30936
3.588,0.946844
3.589,-4.44787
3.59,-9.69969
3.591,-14.6379
3.592,-19.1018
3.593,-22.9458
3.594,-26.0444
3.595,-28.296
3.596,-29.6266
3.597,-29.9922
3.598,-29.3799
3.599,-27.809
3.6,-25.3298
3.601,-22.0228
3.602,-17.9951
3.603,-13.378
3.604,-8.32193
3.605,-2.9921
3.606,2.4372
3.607,7.78812
3.608,12.8852
3.609,17.5609
3.61,21.6615
3.611,25.0518
3.612,27.6199
3.613,29.2806
3.614,29.9786
3.615,29.69
3.616,28.4236
3.617,26.2203
3.618,23.1519
3.619,19.319
3.62,14.8474
3.621,9.88427
3.622,4.59322
3.623,-0.851132
3.624,-6.26881
3.625,-11.4805
3.626,-16.3134
3.627,-20.6072
3.628,-24.219
3.629,-27.0285
3.63,-28.9417
3.631,-29.8944
3.632,-29.8542
3.633,-28.8216
3.634,-26.8301
3.635,-23.9452
3.636,-20.2622
3.637,-15.9032
3.638,-11.0129
3.639,-5.75395
3.64,-0.301588
3.641,5.16233
3.642,10.4553
3.643,15.4002
3.644,19.8314
3.645,23.6003
3.646,26.5801
3.647,28.6702
3.648,29.8001
3.649,29.9309
3.65,29.0575
3.651,27.2084
3.652,24.4448
3.653,20.859
3.654,16.5708
3.655,11.7239
3.656,6.481
3.657,1.01843
3.658,-4.47993
3.659,-9.82873
3.66,-14.8474
3.661,-19.3662
3.662,-23.2322
3.663,-26.3142
3.664,-28.5074
3.665,-29.7367
3.666,-29.96
3.667,-29.1686
3.668,-27.3888
3.669,-24.6799
3.67,-21.1331
3.671,-16.8681
3.672,-12.0292
3.673,-6.78028
3.674,-1.29946
3.675,4.22704
3.676,9.61117
3.677,14.6695
3.678,19.2294
3.679,23.1351
3.68,26.2528
3.681,28.4755
3.682,29.7266
3.683,29.9625
3.684,29.1744
3.685,27.3884
3.686,24.6648
3.687,21.0961
3.688,16.8038
3.689,11.9345
3.69,6.65462
3.691,1.14502
3.692,-4.40536
3.693,-9.80593
3.694,-14.871
3.695,-19.426
3.696,-23.3141
3.697,-26.4006
3.698,-28.5789
3.699,-29.7729
3.7,-29.9408
3.701,-29.076
3.702,-27.2074
3.703,-24.3988
3.704,-20.7465
3.705,-16.376
3.706,-11.438
3.707,-6.10281
3.708,-0.554899
3.709,5.01372
3.71,10.41
3.711,15.4468
3.712,19.9488
3.713,23.7595
3.714,26.7459
3.715,28.8035
3.716,29.8601
3.717,29.878
3.718,28.8559
3.719,26.8284
3.72,23.8655
3.721,20.0696
3.722,15.5726
3.723,10.5309
3.724,5.11999
3.725,-0.47122
3.726,-6.04744
3.727,-11.4136
3.728,-16.3817
3.729,-20.7775
3.73,-24.4466
3.731,-27.2596
3.732,-29.1173
3.733,-29.9537
3.734,-29.7386
3.735,-28.4788
3.736,-26.2177
3.737,-23.034
3.738,-19.0389
3.739,-14.3726
3.74,-9.19877
3.741,-3.6994
3.742,1.93187
3.743,7.49648
3.744,12.7979
3.745,17.6488
3.746,21.8773
3.747,25.3335
3.748,27.8944
3.749,29.4688
3.75,30
3.751,29.4685
3.752,27.8922
3.753,25.3262
3.754,21.8608
3.755,17.6183
3.756,12.7488
3.757,7.42491
3.758,1.83555
3.759,-3.82058
3.76,-9.34219
3.761,-14.5325
3.762,-19.2063
3.763,-23.1964
3.764,-26.3601
3.765,-28.5837
3.766,-29.787
3.767,-29.9263
3.768,-28.9958
3.769,-27.0278
3.77,-24.092
3.771,-20.2928
3.772,-15.7655
3.773,-10.6719
3.774,-5.19426
3.775,0.47122
3.776,6.12127
3.777,11.5529
3.778,16.5708
3.779,20.994
3.78,24.6631
3.781,27.4454
3.782,29.2399
3.783,29.9811
3.784,29.6417
3.785,28.2328
3.786,25.8046
3.787,22.4439
3.788,18.2714
3.789,13.4373
3.79,8.116
3.791,2.49957
3.792,-3.20883
3.793,-8.80247
3.794,-14.0785
3.795,-18.8454
3.796,-22.9298
3.797,-26.1828
3.798,-28.4857
3.799,-29.754
3.8,-29.9408
3.801,-29.0385
3.802,-27.079
3.803,-24.1328
3.804,-20.3066
3.805,-15.7392
3.806,-10.5965
3.807,-5.06575
3.808,0.651389
3.809,6.34621
3.81,11.8106
3.811,16.8444
3.812,21.2633
3.813,24.9049
3.814,27.6352
3.815,29.3535
3.816,29.9961
3.817,29.5384
3.818,27.9964
3.819,25.4259
3.82,21.9206
3.821,17.6085
3.822,12.6477
3.823,7.22018
3.824,1.5254
3.825,-4.22704
3.826,-9.82517
3.827,-15.0624
3.828,-19.7453
3.829,-23.7005
3.83,-26.7814
3.831,-28.8734
3.832,-29.8984
3.833,-29.8177
3.834,-28.6334
3.835,-26.3885
3.836,-23.1653
3.837,-19.0826
3.838,-14.2911
3.839,-8.96811
3.84,-3.31076
3.841,2.47101
3.842,8.16244
3.843,13.5518
3.844,18.4384
3.845,22.6399
3.846,25.9993
3.847,28.3909
3.848,29.7245
3.849,29.9498
3.85,29.0575
3.851,27.0799
3.852,24.0902
3.853,20.1993
3.854,15.552
3.855,10.3216
3.856,4.70346
3.857,-1.09228
3.858,-6.84857
3.859,-12.3496
3.86,-17.3887
3.861,-21.7764
3.862,-25.3476
3.863,-27.9673
3.864,-29.5364
3.865,-29.995
3.866,-29.3251
3.867,-27.5509
3.868,-24.7384
3.869,-20.993
3.87,-16.4549
3.871,-11.295
3.872,-5.70733
3.873,0.0972635
3.874,5.89966
3.875,11.4805
3.876,16.6285
3.877,21.1486
3.878,24.8691
3.879,27.6484
3.88,29.3805
3.881,29.9989
3.882,29.4793
3.883,27.8405
3.884,25.144
3.885,21.4913
3.886,17.0206
3.887,11.9013
3.888,6.32779
3.889,0.511929
3.89,-5.32491
3.891,-10.9603
3.892,-16.1791
3.893,-20.7819
3.894,-24.5925
3.895,-27.4648
3.896,-29.2883
3.897,-29.9925
3.898,-29.5495
3.899,-27.9755
3.9,-25.3298
3.901,-21.7131
3.902,-17.2631
3.903,-12.15
3.904,-6.56931
3.905,-0.735059
3.906,5.1289
3.907,10.7972
3.908,16.0519
3.909,20.6903
3.91,24.5336
3.911,27.4332
3.912,29.2765
3.913,29.9918
3.914,29.5506
3.915,27.969
3.916,25.3072
3.917,21.6672
3.918,17.189
3.919,12.0451
3.92,6.43388
3.921,0.572238
3.922,-5.31304
3.923,-10.9939
3.924,-16.2501
3.925,-20.8774
3.926,-24.6957
3.927,-27.5562
3.928,-29.3471
3.929,-29.998
3.93,-29.4827
3.931,-27.8203
3.932,-25.0746
3.933,-21.3519
3.934,-16.7963
3.935,-11.5849
3.936,-5.92036
3.937,-0.0233734
3.938,5.876
3.939,11.5473
3.94,16.7688
3.941,21.336
3.942,25.0697
3.943,27.8231
3.944,29.4877
3.945,29.9974
3.946,29.3314
3.947,27.5149
3.948,24.6184
3.949,20.7547
3.95,16.0748
3.951,10.7621
3.952,5.02487
3.953,-0.911424
3.954,-6.81333
3.955,-12.4484
3.956,-17.5945
3.957,-22.0483
3.958,-25.6338
3.959,-28.2088
3.96,-29.6708
3.961,-29.9613
3.962,-29.068
3.963,-27.0252
3.964,-23.9129
3.965,-19.8535
3.966,-15.007
3.967,-9.56473
3.968,-3.74204
3.969,2.23048
3.97,8.116
3.971,13.6808
3.972,18.7037
3.973,22.9846
3.974,26.3529
3.975,28.6738
3.976,29.8542
3.977,29.8463
3.978,28.6495
3.979,26.3106
3.98,22.922
3.981,18.6181
3.982,13.57
3.983,7.97872
3.984,2.06729
3.985,-3.92824
3.986,-9.76815
3.987,-15.2186
3.988,-20.0612
3.989,-24.1014
3.99,-27.1768
3.991,-29.1633
3.992,-29.9805
3.993,-29.5945
3.994,-28.0202
3.995,-25.3197
3.996,-21.6009
3.997,-17.0125
3.998,-11.7384
3.999,-5.99056
4,-4.70E-13
4.001,5.99204
4.002,11.744
4.003,17.0237
4.004,21.6176
4.005,25.3399
4.006,28.0395
4.007,29.6066
4.008,29.9768
4.009,29.1344
4.01,27.1126
4.011,23.9924
4.012,19.8992
4.013,14.9985
4.014,9.48823
4.015,3.59163
4.016,-2.45223
4.017,-8.39797
4.018,-14.0039
4.019,-19.0419
4.02,-23.3065
4.021,-26.6236
4.022,-28.8575
4.023,-29.9164
4.024,-29.7562
4.025,-28.3826
4.026,-25.8506
4.027,-22.2629
4.028,-17.7651
4.029,-12.5403
4.03,-6.80158
4.031,-0.783299
4.032,5.26851
4.033,11.1061
4.034,16.4902
4.035,21.1999
4.036,25.0415
4.037,27.8568
4.038,29.5295
4.039,29.9901
4.04,29.2188
4.041,27.2463
4.042,24.153
4.043,20.0651
4.044,15.1504
4.045,9.61045
4.046,3.67321
4.047,-2.41691
4.048,-8.40882
4.049,-14.0552
4.05,-19.1227
4.051,-23.4016
4.052,-26.7144
4.053,-28.9236
4.054,-29.9368
4.055,-29.7112
4.056,-28.2554
4.057,-25.6287
4.058,-21.9391
4.059,-17.3389
4.06,-12.0181
4.061,-6.19727
4.062,-0.117621
4.063,5.9684
4.064,11.8078
4.065,17.1575
4.066,21.7946
4.067,25.5255
4.068,28.1941
4.069,29.6885
4.07,29.9454
4.071,28.9534
4.072,26.7528
4.073,23.4346
4.074,19.1367
4.075,14.0379
4.076,8.35091
4.077,2.31318
4.078,-3.82282
4.079,-9.80023
4.08,-15.3685
4.081,-20.2939
4.082,-24.3694
4.083,-27.4234
4.084,-29.327
4.085,-29.9993
4.086,-29.4112
4.087,-27.5866
4.088,-24.6012
4.089,-20.5798
4.09,-15.691
4.091,-10.1401
4.092,-4.16059
4.093,1.99582
4.094,8.06953
4.095,13.8041
4.096,18.9572
4.097,23.3107
4.098,26.68
4.099,28.9219
4.1,29.9408
4.101,29.6926
4.102,28.1869
4.103,25.4866
4.104,21.7053
4.105,17.0025
4.106,11.5773
4.107,5.65921
4.108,-0.500621
4.109,-6.64065
4.11,-12.4998
4.111,-17.8288
4.112,-22.4003
4.113,-26.0193
4.114,-28.5308
4.115,-29.827
4.116,-29.8518
4.117,-28.6033
4.118,-26.1337
4.119,-22.5477
4.12,-17.9975
4.121,-12.6771
4.122,-6.81333
4.123,-0.656666
4.124,5.52957
4.125,11.4805
4.126,16.941
4.127,21.6766
4.128,25.4838
4.129,28.1985
4.13,29.7034
4.131,29.9329
4.132,28.8764
4.133,26.5783
4.134,23.1365
4.135,18.6984
4.136,13.4542
4.137,7.62927
4.138,1.4742
4.139,-4.7459
4.14,-10.7628
4.141,-16.3166
4.142,-21.1673
4.143,-25.1048
4.144,-27.9583
4.145,-29.6036
4.146,-29.9688
4.147,-29.0369
4.148,-26.8476
4.149,-23.4947
4.15,-19.1227
4.151,-13.9205
4.152,-8.11309
4.153,-1.95219
4.154,4.29495
4.155,10.357
4.156,15.9703
4.157,20.8904
4.158,24.9028
4.159,27.8321
4.16,29.55
4.161,29.9809
4.162,29.1049
4.163,26.9594
4.164,23.637
4.165,19.282
4.166,14.0839
4.167,8.26904
4.168,2.09136
4.169,-4.17926
4.17,-10.2685
4.171,-15.9096
4.172,-20.8552
4.173,-24.888
4.174,-27.8307
4.175,-29.5533
4.176,-29.9794
4.177,-29.0893
4.178,-26.9212
4.179,-23.5695
4.18,-19.1808
4.181,-13.9472
4.182,-8.09857
4.183,-1.89199
4.184,4.3994
4.185,10.4984
4.186,16.1359
4.187,21.0629
4.188,25.0614
4.189,27.9542
4.19,29.6127
4.191,29.9628
4.192,28.988
4.193,26.7305
4.194,23.2894
4.195,18.8161
4.196,13.5081
4.197,7.6001
4.198,1.35369
4.199,-4.95424
4.2,-11.0437
4.201,-16.6442
4.202,-21.5065
4.203,-25.4139
4.204,-28.192
4.205,-29.7164
4.206,-29.9184
4.207,-28.7879
4.208,-26.3745
4.209,-22.7847
4.21,-18.178
4.211,-12.7591
4.212,-6.76926
4.213,-0.475743
4.214,5.84051
4.215,11.8971
4.216,17.4231
4.217,22.1707
4.218,25.9268
4.219,28.5226
4.22,29.8409
4.221,29.8216
4.222,28.4648
4.223,25.8303
4.224,22.0356
4.225,17.2502
4.226,11.6885
4.227,5.59996
4.228,-0.741843
4.229,-7.05174
4.23,-13.0456
4.231,-18.4533
4.232,-23.0306
4.233,-26.5706
4.234,-28.9129
4.235,-29.951
4.236,-29.637
4.237,-27.9842
4.238,-25.0664
4.239,-21.0145
4.24,-16.0111
4.241,-10.2819
4.242,-4.08591
4.243,2.29664
4.244,8.57659
4.245,14.4691
4.246,19.7067
4.247,24.0511
4.248,27.3044
4.249,29.3182
4.25,30
4.251,29.3179
4.252,27.3019
4.253,24.043
4.254,19.6885
4.255,14.4361
4.256,8.52456
4.257,2.22296
4.258,-4.1815
4.259,-10.3966
4.26,-16.1384
4.261,-21.1443
4.262,-25.185
4.263,-28.075
4.264,-29.6814
4.265,-29.9297
4.266,-28.8075
4.267,-26.3655
4.268,-22.7144
4.269,-18.021
4.27,-12.4998
4.271,-6.40368
4.272,-0.0120637
4.273,6.38158
4.274,12.4834
4.275,18.0126
4.276,22.7144
4.277,26.3719
4.278,28.816
4.279,29.933
4.28,29.6708
4.281,28.0403
4.282,25.1159
4.283,21.0317
4.284,15.9754
4.285,10.1799
4.286,3.91255
4.287,-2.53713
4.288,-8.87092
4.289,-14.7956
4.29,-20.0365
4.291,-24.3505
4.292,-27.5368
4.293,-29.4471
4.294,-29.9917
4.295,-29.1445
4.296,-26.9438
4.297,-23.491
4.298,-18.9456
4.299,-13.5182
4.3,-7.4607
4.301,-1.0546
4.302,5.40206
4.303,11.6086
4.304,17.2754
4.305,22.1381
4.306,25.9692
4.307,28.5892
4.308,29.8748
4.309,29.7652
4.31,28.2645
4.311,25.4419
4.312,21.4286
4.313,16.4114
4.314,10.6247
4.315,4.33898
4.316,-2.15152
4.317,-8.54263
4.318,-14.5345
4.319,-19.8456
4.32,-24.2261
4.321,-27.4697
4.322,-29.423
4.323,-29.9935
4.324,-29.1532
4.325,-26.9408
4.326,-23.4595
4.327,-18.8724
4.328,-13.3949
4.329,-7.28456
4.33,-0.829275
4.331,5.66661
4.332,11.8964
4.333,17.5658
4.334,22.4063
4.335,26.1887
4.336,28.7332
4.337,29.9186
4.338,29.6879
4.339,28.051
4.34,25.0846
4.341,20.9282
4.342,15.7783
4.343,9.87858
4.344,3.50853
4.345,-3.02961
4.346,-9.42526
4.347,-15.3743
4.348,-20.5935
4.349,-24.834
4.35,-27.8933
4.351,-29.6248
4.352,-29.9453
4.353,-28.8383
4.354,-26.3558
4.355,-22.6152
4.356,-17.7942
4.357,-12.1224
4.358,-5.87009
4.359,0.664204
4.36,7.16821
4.361,13.3307
4.362,18.8566
4.363,23.4806
4.364,26.9808
4.365,29.1886
4.366,29.9972
4.367,29.3669
4.368,27.3269
4.369,23.9742
4.37,19.4691
4.371,14.0272
4.372,7.90965
4.373,1.41018
4.374,-5.15862
4.375,-11.4805
4.376,-17.2508
4.377,-22.191
4.378,-26.0623
4.379,-28.6773
4.38,-29.909
4.381,-29.6969
4.382,-28.0502
4.383,-25.0477
4.384,-20.8335
4.385,-15.6106
4.386,-9.63116
4.387,-3.18409
4.388,3.41865
4.389,9.85722
4.39,15.8194
4.391,21.0156
4.392,25.1932
4.393,28.1487
4.394,29.7378
4.395,29.8823
4.396,28.5743
4.397,25.8762
4.398,21.9185
4.399,16.893
4.4,11.0437
4.401,4.65505
4.402,-1.96197
4.403,-8.48479
4.404,-14.5951
4.405,-19.9944
4.406,-24.4186
4.407,-27.6507
4.408,-29.5322
4.409,-29.97
4.41,-28.9417
4.411,-26.4967
4.412,-22.7538
4.413,-17.8954
4.414,-12.1589
4.415,-5.82498
4.416,0.796112
4.417,7.3796
4.418,13.6022
4.419,19.1581
4.42,23.7738
4.421,27.2217
4.422,29.3314
4.423,29.9983
4.424,29.1884
4.425,26.9408
4.426,23.3652
4.427,18.637
4.428,12.9886
4.429,6.69799
4.43,0.0753981
4.431,-6.55239
4.432,-12.8579
4.433,-18.5293
4.434,-23.2856
4.435,-26.8909
4.436,-29.166
4.437,-29.9973
4.438,-29.3428
4.439,-27.2337
4.44,-23.7738
4.441,-19.1338
4.442,-13.5431
4.443,-7.27871
4.444,-0.651389
4.445,6.00977
4.446,12.3736
4.447,18.1234
4.448,22.9725
4.449,26.679
4.45,29.0575
4.451,29.9886
4.452,29.4248
4.453,27.3934
4.454,23.9946
4.455,19.3973
4.456,13.8302
4.457,7.57092
4.458,0.931772
4.459,-5.75543
4.46,-12.1562
4.461,-17.9498
4.462,-22.8459
4.463,-26.5986
4.464,-29.0189
4.465,-29.9846
4.466,-29.4464
4.467,-27.4301
4.468,-24.0362
4.469,-19.4341
4.47,-13.8543
4.471,-7.57675
4.472,-0.9167
4.473,5.79095
4.474,12.2085
4.475,18.0126
4.476,22.9103
4.477,26.6541
4.478,29.0545
4.479,29.9894
4.48,29.4106
4.481,27.3464
4.482,23.9002
4.483,19.245
4.484,13.6157
4.485,7.29626
4.486,0.60616
4.487,-6.1161
4.488,-12.53
4.489,-18.3103
4.49,-23.1634
4.491,-26.8426
4.492,-29.1603
4.493,-29.9981
4.494,-29.3123
4.495,-27.1368
4.496,-23.5812
4.497,-18.8255
4.498,-13.1108
4.499,-6.72739
4.5,-1.23E-12
4.501,6.72886
4.502,13.1162
4.503,18.836
4.504,23.5961
4.505,27.1528
4.506,29.3238
4.507,29.9971
4.508,29.1375
4.509,26.7878
4.51,23.0673
4.511,18.1654
4.512,12.3324
4.513,5.86639
4.514,-0.901627
4.515,-7.62489
4.516,-13.9585
4.517,-19.5773
4.518,-24.1923
4.519,-27.5658
4.52,-29.5236
4.521,-29.9643
4.522,-28.8641
4.523,-26.2787
4.524,-22.34
4.525,-17.2502
4.526,-11.2705
4.527,-4.70867
4.528,2.09737
4.529,8.7967
4.53,15.0435
4.531,20.515
4.532,24.9279
4.533,28.0537
4.534,29.7298
4.535,29.8686
4.536,28.4619
4.537,25.5816
4.538,21.3757
4.539,16.0614
4.54,9.91346
4.541,3.25006
4.542,-3.5834
4.543,-10.2323
4.544,-16.3514
4.545,-21.6223
4.546,-25.7707
4.547,-28.58
4.548,-29.9033
4.549,-29.6707
4.55,-27.8933
4.551,-24.6627
4.552,-20.1463
4.553,-14.5786
4.554,-8.24947
4.555,-1.4885
4.556,5.35162
4.557,11.9137
4.558,17.8549
4.559,22.864
4.56,26.6787
4.561,29.0985
4.562,29.9959
4.563,29.323
4.564,27.1139
4.565,23.4835
4.566,18.621
4.567,12.7809
4.568,6.26881
4.569,-0.573746
4.57,-7.38764
4.571,-13.8148
4.572,-19.5172
4.573,-24.1945
4.574,-27.5999
4.575,-29.5533
4.576,-29.9509
4.577,-28.7709
4.578,-26.0742
4.579,-22.0023
4.58,-16.7688
4.581,-10.6494
4.582,-3.96636
4.583,2.92757
4.584,9.66829
4.585,15.8994
4.586,21.2909
4.587,25.5571
4.588,28.4715
4.589,29.8787
4.59,29.7034
4.591,27.9537
4.592,24.7214
4.593,20.177
4.594,14.5608
4.595,8.17042
4.596,1.34465
4.597,-5.55403
4.598,-12.1589
4.599,-18.1185
4.6,-23.1154
4.601,-26.8829
4.602,-29.2195
4.603,-29.9999
4.604,-29.1815
4.605,-26.8068
4.606,-23.0016
4.607,-17.968
4.608,-11.9739
4.609,-5.33901
4.61,1.58263
4.611,8.42113
4.612,14.8107
4.613,20.4091
4.614,24.9162
4.615,28.0899
4.616,29.7593
4.617,29.8339
4.618,28.3087
4.619,25.2646
4.62,20.8638
4.621,15.3419
4.622,8.99472
4.623,2.16281
4.624,-4.78684
4.625,-11.4805
4.626,-17.5578
4.627,-22.6913
4.628,-26.6038
4.629,-29.0838
4.63,-29.9966
4.631,-29.2921
4.632,-27.0072
4.633,-23.2642
4.634,-18.2642
4.635,-12.2767
4.636,-5.6244
4.637,1.33336
4.638,8.22047
4.639,14.6642
4.64,20.3155
4.641,24.8678
4.642,28.0737
4.643,29.7586
4.644,29.8301
4.645,28.2834
4.646,25.2014
4.647,20.7503
4.648,15.1712
4.649,8.76642
4.65,1.88372
4.651,-5.1029
4.652,-11.8133
4.653,-17.8821
4.654,-22.9783
4.655,-26.8237
4.656,-29.2078
4.657,-29.9998
4.658,-29.1554
4.659,-26.7196
4.66,-22.8244
4.661,-17.6817
4.662,-11.5717
4.663,-4.82778
4.664,2.18161
4.665,9.07309
4.666,15.4694
4.667,21.0199
4.668,25.4199
4.669,28.4277
4.67,29.8773
4.671,29.6883
4.672,27.8699
4.673,24.5211
4.674,19.8246
4.675,14.0379
4.676,7.47822
4.677,0.505898
4.678,-6.49572
4.679,-13.1413
4.68,-19.0646
4.681,-23.9388
4.682,-27.4948
4.683,-29.5355
4.684,-29.9474
4.685,-28.7068
4.686,-25.8812
4.687,-21.6255
4.688,-16.174
4.689,-9.8273
4.69,-2.93582
4.691,4.11952
4.692,10.9483
4.693,17.1723
4.694,22.4464
4.695,26.4776
4.696,29.0417
4.697,29.9955
4.698,29.285
4.699,26.9488
4.7,23.1154
4.701,17.9969
4.702,11.8771
4.703,5.09547
4.704,-1.971
4.705,-8.92924
4.706,-15.3918
4.707,-20.9983
4.708,-25.4359
4.709,-28.4565
4.71,-29.8905
4.711,-29.6572
4.712,-27.7683
4.713,-24.3284
4.714,-19.5287
4.715,-13.6365
4.716,-6.98063
4.717,0.0671044
4.718,7.11255
4.719,13.7613
4.72,19.6406
4.721,24.4207
4.722,27.8329
4.723,29.685
4.724,29.8721
4.725,28.3826
4.726,25.2991
4.727,20.7938
4.728,15.1191
4.729,8.59321
4.73,1.58263
4.731,-5.51846
4.732,-12.3104
4.733,-18.4104
4.734,-23.4745
4.735,-27.2166
4.736,-29.4248
4.737,-29.9736
4.738,-28.831
4.739,-26.0604
4.74,-21.8174
4.741,-16.3406
4.742,-9.93907
4.743,-2.97409
4.744,4.16059
4.745,11.0613
4.746,17.337
4.747,22.632
4.748,26.6455
4.749,29.1491
4.75,30
4.751,29.1488
4.752,26.6427
4.753,22.6231
4.754,17.3173
4.755,11.0262
4.756,4.10682
4.757,-3.04761
4.758,-10.0301
4.759,-16.4429
4.76,-21.9206
4.761,-26.1503
4.762,-28.8903
4.763,-29.9832
4.764,-29.3658
4.765,-27.0721
4.766,-23.2322
4.767,-18.0644
4.768,-11.8632
4.769,-4.98249
4.77,2.18461
4.771,9.22819
4.772,15.745
4.773,21.3614
4.774,25.7552
4.775,28.6738
4.776,29.9488
4.777,29.5062
4.778,27.3703
4.779,23.6625
4.78,18.595
4.781,12.458
4.782,5.60366
4.783,-1.57435
4.784,-8.66325
4.785,-15.255
4.786,-20.9698
4.787,-25.4778
4.788,-28.5186
4.789,-29.916
4.79,-29.5882
4.791,-27.5533
4.792,-23.9275
4.793,-18.9192
4.794,-12.817
4.795,-5.97283
4.796,1.2181
4.797,8.34004
4.798,14.9808
4.799,20.7558
4.8,25.3298
4.801,28.4373
4.802,29.8971
4.803,29.6237
4.804,27.6317
4.805,24.0357
4.806,19.0436
4.807,12.9444
4.808,6.09174
4.809,-1.11639
4.81,-8.26107
4.811,-14.9266
4.812,-20.7247
4.813,-25.3173
4.814,-28.4361
4.815,-29.8984
4.816,-29.618
4.817,-27.6102
4.818,-23.991
4.819,-18.9707
4.82,-12.8416
4.821,-5.96101
4.822,1.26933
4.823,8.42692
4.824,15.0931
4.825,20.8774
4.826,25.4407
4.827,28.5151
4.828,29.9195
4.829,29.5705
4.83,27.4875
4.831,23.7917
4.832,18.699
4.833,12.5074
4.834,5.57996
4.835,-1.67674
4.836,-8.83634
4.837,-15.4778
4.838,-21.21
4.839,-25.6951
4.84,-28.6682
4.841,-29.9534
4.842,-29.4737
4.843,-27.2564
4.844,-23.4313
4.845,-18.2229
4.846,-11.938
4.847,-4.9468
4.848,2.33799
4.849,9.48608
4.85,16.0748
4.851,21.7141
4.852,26.0698
4.853,28.8832
4.854,29.9867
4.855,29.314
4.856,26.9039
4.857,22.8981
4.858,17.5334
4.859,11.1271
4.86,4.05902
4.861,-3.25156
4.862,-10.3704
4.863,-16.8743
4.864,-22.3762
4.865,-26.5482
4.866,-29.1411
4.867,-29.9997
4.868,-29.0717
4.869,-26.4114
4.87,-22.1762
4.871,-16.6179
4.872,-10.067
4.873,-2.91406
4.874,4.41431
4.875,11.4805
4.876,17.8621
4.877,23.1773
4.878,27.1075
4.879,29.4167
4.88,29.9658
4.881,28.7208
4.882,25.7552
4.883,21.2457
4.884,15.4616
4.885,8.74912
4.886,1.51034
4.887,-5.82054
4.888,-12.8034
4.889,-19.0185
4.89,-24.092
4.891,-27.7181
4.892,-29.6779
4.893,-29.8524
4.894,-28.23
4.895,-24.9074
4.896,-20.0836
4.897,-14.0486
4.898,-7.16528
4.899,0.15155
4.9,7.4607
4.901,14.3209
4.902,20.3177
4.903,25.0883
4.904,28.3435
4.905,29.8857
4.906,29.6204
4.907,27.5628
4.908,23.8362
4.909,18.6653
4.91,12.3626
4.911,5.30933
4.912,-2.06729
4.913,-9.31997
4.914,-16.0085
4.915,-21.7266
4.916,-26.1263
4.917,-28.9395
4.918,-29.9943
4.919,-29.2255
4.92,-26.6787
4.921,-22.5078
4.922,-16.9659
4.923,-10.3895
4.924,-3.17884
4.925,4.22704
4.926,11.3766
4.927,17.8336
4.928,23.2036
4.929,27.158
4.93,29.4544
4.931,29.9516
4.932,28.618
4.933,25.5342
4.934,20.8877
4.935,14.9619
4.936,8.1189
4.937,0.777269
4.938,-6.61345
4.939,-13.6002
4.94,-19.7544
4.941,-24.6978
4.942,-28.1265
4.943,-29.8289
4.944,-29.6995
4.945,-27.7452
4.946,-24.0848
4.947,-18.9426
4.948,-12.634
4.949,-5.54662
4.95,1.88372
4.951,9.19949
4.952,15.9498
4.953,21.7183
4.954,26.1485
4.955,28.9664
4.956,29.997
4.957,29.1757
4.958,26.552
4.959,22.2871
4.96,16.6436
4.961,9.96965
4.962,2.67759
4.963,-4.78163
4.964,-11.9463
4.965,-18.3723
4.966,-23.6611
4.967,-27.4842
4.968,-29.6035
4.969,-29.8866
4.97,-28.3147
4.971,-24.9844
4.972,-20.1015
4.973,-13.9685
4.974,-6.96596
4.975,0.47122
4.976,7.88055
4.977,14.8008
4.978,20.8009
4.979,25.5064
4.98,28.6234
4.981,29.9567
4.982,29.4219
4.983,27.0513
4.984,22.9919
4.985,17.496
4.986,10.9062
4.987,3.63355
4.988,-3.86769
4.989,-11.1285
4.99,-17.6945
4.991,-23.1543
4.992,-27.1653
4.993,-29.4755
4.994,-29.9391
4.995,-28.5259
4.996,-25.3234
4.997,-20.5315
4.998,-14.45
4.999,-7.45997
